,skeleton-id,node-id-src,node-id-dst,branch-distance,branch-type,mean-pixel-value,stdev-pixel-value,image-coord-src-0,image-coord-src-1,image-coord-dst-0,image-coord-dst-1,coord-src-0,coord-src-1,coord-dst-0,coord-dst-1,euclidean-distance
0,1,60,75,12.113886733570766,1,1.0,0.0,48.0,1197.0,49.333333333333336,1208.6666666666667,48.0,1197.0,49.333333333333336,1208.6666666666667,11.742609969205766
1,1,75,79,261.37923049370215,2,1.0,0.0,49.333333333333336,1208.6666666666667,116.33333333333333,1434.6666666666667,49.333333333333336,1208.6666666666667,116.33333333333333,1434.6666666666667,235.72229423624742
2,1,75,695,100.469225792898,1,1.0,0.0,49.333333333333336,1208.6666666666667,139.0,1227.0,49.333333333333336,1208.6666666666667,139.0,1227.0,91.52170355834848
3,1,76,136,18.258205124193925,1,1.0,0.0,86.75,1479.0,70.0,1475.0,86.75,1479.0,70.0,1475.0,17.220990099294525
4,1,76,207,80.62692585370367,2,1.0,0.0,86.75,1479.0,128.33333333333334,1539.6666666666667,86.75,1479.0,128.33333333333334,1539.6666666666667,73.55010574809234
5,1,76,79,56.42787955025176,2,1.0,0.0,86.75,1479.0,116.33333333333333,1434.6666666666667,86.75,1479.0,116.33333333333333,1434.6666666666667,53.297448865358916
6,1,79,852,54.29765291764423,1,1.0,0.0,116.33333333333333,1434.6666666666667,148.0,1474.0,116.33333333333333,1434.6666666666667,148.0,1474.0,50.496424515889075
7,2,202,298,18.0,1,1.0,0.0,118.0,1617.0,100.0,1617.0,118.0,1617.0,100.0,1617.0,18.0
8,2,202,765,34.45584412271572,1,1.0,0.0,118.0,1617.0,144.0,1598.0,118.0,1617.0,144.0,1598.0,32.202484376209235
9,2,202,851,294.85764773832506,2,1.0,0.0,118.0,1617.0,266.75,1817.0,118.0,1617.0,266.75,1817.0,249.25200600998178
10,1,207,460,25.37089945740265,1,1.0,0.0,128.33333333333334,1539.6666666666667,121.0,1562.0,128.33333333333334,1539.6666666666667,121.0,1562.0,23.506500283018575
11,1,207,434,50.95569552849918,2,1.0,0.0,128.33333333333334,1539.6666666666667,174.66666666666666,1551.3333333333333,128.33333333333334,1539.6666666666667,174.66666666666666,1551.3333333333333,47.77958652906996
12,2,208,517,4.54858830818399,1,1.0,0.0,130.66666666666666,1148.3333333333333,127.0,1146.0,130.66666666666666,1148.3333333333333,127.0,1146.0,4.346134936801717
13,2,208,430,59.18523886313248,2,1.0,0.0,130.66666666666666,1148.3333333333333,157.25,1100.0,130.66666666666666,1148.3333333333333,157.25,1100.0,55.161442350814355
14,2,208,441,109.65960313576427,2,1.0,0.0,130.66666666666666,1148.3333333333333,178.33333333333334,1238.3333333333333,130.66666666666666,1148.3333333333333,178.33333333333334,1238.3333333333333,101.84356195219762
15,2,209,430,123.84230801719303,2,1.0,0.0,138.33333333333334,986.6666666666666,157.25,1100.0,138.33333333333334,986.6666666666666,157.25,1100.0,114.9011954777766
16,2,209,619,10.528100295943752,1,1.0,0.0,138.33333333333334,986.6666666666666,136.0,977.0,138.33333333333334,986.6666666666666,136.0,977.0,9.944289260117497
17,2,209,539,120.7697308562864,2,1.0,0.0,138.33333333333334,986.6666666666666,204.0,930.8,138.33333333333334,986.6666666666666,204.0,930.8,86.2159820193191
18,2,429,723,11.370899457402652,1,1.0,0.0,148.33333333333334,1319.6666666666667,141.0,1328.0,148.33333333333334,1319.6666666666667,141.0,1328.0,11.100550536897757
19,2,429,441,94.67466835057455,2,1.0,0.0,148.33333333333334,1319.6666666666667,178.33333333333334,1238.3333333333333,148.33333333333334,1319.6666666666667,178.33333333333334,1238.3333333333333,86.68974051819013
20,2,429,529,40.85715832743505,2,1.0,0.0,148.33333333333334,1319.6666666666667,182.25,1336.0,148.33333333333334,1319.6666666666667,182.25,1336.0,37.64462850866711
21,2,430,1236,69.29983568453652,1,1.0,0.0,157.25,1100.0,181.0,1150.0,157.25,1100.0,181.0,1150.0,55.35397456371132
22,1,434,1476,57.74130373154026,1,1.0,0.0,174.66666666666666,1551.3333333333333,192.0,1602.0,174.66666666666666,1551.3333333333333,192.0,1602.0,53.549561674728615
23,1,434,1218,131.48359782961072,1,1.0,0.0,174.66666666666666,1551.3333333333333,180.0,1432.0,174.66666666666666,1551.3333333333333,180.0,1432.0,119.45245451178
24,2,441,546,53.242149542853376,2,1.0,0.0,178.33333333333334,1238.3333333333333,215.25,1208.0,178.33333333333334,1238.3333333333333,215.25,1208.0,47.78024056960035
25,2,529,530,58.028731202688945,2,1.0,0.0,182.25,1336.0,185.33333333333334,1388.6666666666667,182.25,1336.0,185.33333333333334,1388.6666666666667,52.75684526411933
26,2,529,536,21.278100295943762,2,1.0,0.0,182.25,1336.0,202.66666666666666,1333.6666666666667,182.25,1336.0,202.66666666666666,1333.6666666666667,20.549567446109943
27,2,530,1272,5.71404520791027,1,1.0,0.0,185.33333333333334,1388.6666666666667,182.0,1393.0,185.33333333333334,1388.6666666666667,182.0,1393.0,5.467073155618854
28,2,530,675,47.9995088557341,2,1.0,0.0,185.33333333333334,1388.6666666666667,219.25,1363.0,185.33333333333334,1388.6666666666667,219.25,1363.0,42.5337284464407
29,2,536,2120,70.05501223052501,1,1.0,0.0,202.66666666666666,1333.6666666666667,228.0,1274.0,202.66666666666666,1333.6666666666667,228.0,1274.0,64.82197844010084
30,2,536,675,36.11438595583515,2,1.0,0.0,202.66666666666666,1333.6666666666667,219.25,1363.0,202.66666666666666,1333.6666666666667,219.25,1363.0,33.696459589827604
31,2,539,1183,28.881987984211644,1,1.0,0.0,204.0,930.8,179.0,921.0,204.0,930.8,179.0,921.0,26.85218799278746
32,2,539,545,171.30405408836793,2,1.0,0.0,204.0,930.8,209.25,778.0,204.0,930.8,209.25,778.0,152.89016482429466
33,2,545,1653,13.843991561820829,1,1.0,0.0,209.25,778.0,207.0,765.0,209.25,778.0,207.0,765.0,13.193274801958761
34,2,545,864,69.25084581131321,2,1.0,0.0,209.25,778.0,275.75,785.0,209.25,778.0,275.75,785.0,66.86740611089981
35,2,546,1836,17.25820512419392,1,1.0,0.0,215.25,1208.0,212.0,1192.0,215.25,1208.0,212.0,1192.0,16.326741867255695
36,2,546,850,51.83663224894011,2,1.0,0.0,215.25,1208.0,264.75,1212.0,215.25,1208.0,264.75,1212.0,49.66135318333563
37,2,675,2093,6.164213562373095,1,1.0,0.0,219.25,1363.0,225.0,1362.0,219.25,1363.0,225.0,1362.0,5.836308764964376
38,2,676,2200,95.99831645537216,1,1.0,0.0,255.33333333333334,1471.6666666666667,234.0,1556.0,255.33333333333334,1471.6666666666667,234.0,1556.0,86.98978228632492
39,2,676,951,98.01169812555452,2,1.0,0.0,255.33333333333334,1471.6666666666667,278.3333333333333,1386.6666666666667,255.33333333333334,1471.6666666666667,278.3333333333333,1386.6666666666667,88.05679985100525
40,2,676,952,31.92560374111419,2,1.0,0.0,255.33333333333334,1471.6666666666667,284.6666666666667,1478.3333333333333,255.33333333333334,1471.6666666666667,284.6666666666667,1478.3333333333333,30.08137112714258
41,2,689,2291,137.39696961966996,1,1.0,0.0,264.0,1091.0,243.0,994.0,264.0,1091.0,243.0,994.0,99.24716620639605
42,2,689,1151,208.62355472544888,2,1.0,0.0,264.0,1091.0,327.6666666666667,920.3333333333334,264.0,1091.0,327.6666666666667,920.3333333333334,182.15530614164263
43,2,689,963,80.05501223052494,2,1.0,0.0,264.0,1091.0,312.6666666666667,1137.3333333333333,264.0,1091.0,312.6666666666667,1137.3333333333333,67.1954032819375
44,2,850,951,190.04113941607685,2,1.0,0.0,264.75,1212.0,278.3333333333333,1386.6666666666667,264.75,1212.0,278.3333333333333,1386.6666666666667,175.194039250452
45,2,850,1110,56.664844469118194,2,1.0,0.0,264.75,1212.0,315.75,1201.0,264.75,1212.0,315.75,1201.0,52.172789842982326
46,2,851,2765,314.06552603371665,2,1.0,0.0,266.75,1817.0,513.6666666666666,1901.6666666666667,266.75,1817.0,513.6666666666666,1901.6666666666667,261.02927943474504
47,2,851,2633,102.54226146708768,1,1.0,0.0,266.75,1817.0,269.0,1726.0,266.75,1817.0,269.0,1726.0,91.02781168412213
48,2,864,2664,43.086632248940106,1,1.0,0.0,275.75,785.0,271.0,826.0,275.75,785.0,271.0,826.0,41.274235304848474
49,2,864,953,127.5159804392516,2,1.0,0.0,275.75,785.0,287.0,664.75,275.75,785.0,287.0,664.75,120.77510091074235
50,2,951,1102,37.392579870004845,2,1.0,0.0,278.3333333333333,1386.6666666666667,313.75,1392.0,278.3333333333333,1386.6666666666667,313.75,1392.0,35.81598417218523
51,2,952,1297,93.93168107440646,2,1.0,0.0,284.6666666666667,1478.3333333333333,348.3333333333333,1425.3333333333333,284.6666666666667,1478.3333333333333,348.3333333333333,1425.3333333333333,82.83987231064785
52,2,952,1109,146.50527824221297,2,1.0,0.0,284.6666666666667,1478.3333333333333,313.25,1612.0,284.6666666666667,1478.3333333333333,313.25,1612.0,136.68864152599602
53,2,953,3140,15.164213562373096,1,1.0,0.0,287.0,664.75,286.0,650.0,287.0,664.75,286.0,650.0,14.783859441972519
54,2,953,1904,327.18208667844544,2,1.0,0.0,287.0,664.75,421.0,444.0,287.0,664.75,421.0,444.0,258.2374149886108
55,2,963,1266,59.84230801719297,2,1.0,0.0,312.6666666666667,1137.3333333333333,338.25,1088.0,312.6666666666667,1137.3333333333333,338.25,1088.0,55.57233774300136
56,2,963,1150,46.10493749428813,2,1.0,0.0,312.6666666666667,1137.3333333333333,326.0,1178.0,312.6666666666667,1137.3333333333333,326.0,1178.0,42.796676921877484
57,2,1102,4140,54.814339405729854,1,1.0,0.0,313.75,1392.0,333.0,1345.0,313.75,1392.0,333.0,1345.0,50.78939357779338
58,2,1102,1297,51.01366598787867,2,1.0,0.0,313.75,1392.0,348.3333333333333,1425.3333333333333,313.75,1392.0,348.3333333333333,1425.3333333333333,48.03246876390541
59,2,1109,3316,63.056980092849145,1,1.0,0.0,313.25,1612.0,291.0,1666.0,313.25,1612.0,291.0,1666.0,58.40430206757033
60,2,1109,4254,38.98612718555178,1,1.0,0.0,313.25,1612.0,338.0,1634.0,313.25,1612.0,338.0,1634.0,33.11438509167881
61,2,1110,1150,27.086417344372013,2,1.0,0.0,315.75,1201.0,326.0,1178.0,315.75,1201.0,326.0,1178.0,25.18059768949101
62,2,1110,3776,18.601135970133438,1,1.0,0.0,315.75,1201.0,320.0,1218.0,315.75,1201.0,320.0,1218.0,17.523198908875056
63,2,1150,4358,18.48528137423857,1,1.0,0.0,326.0,1178.0,342.0,1184.0,326.0,1178.0,342.0,1184.0,17.08800749063506
64,2,1151,1187,85.26242265052556,2,1.0,0.0,327.6666666666667,920.3333333333334,329.25,853.0,327.6666666666667,920.3333333333334,329.25,853.0,67.3519466847264
65,2,1151,4205,12.785113019775807,1,1.0,0.0,327.6666666666667,920.3333333333334,337.0,912.0,327.6666666666667,920.3333333333334,337.0,912.0,12.512216252748985
66,2,1187,1268,76.59945242550562,2,1.0,0.0,329.25,853.0,348.3333333333333,787.6666666666666,329.25,853.0,348.3333333333333,787.6666666666666,68.06333855722595
67,2,1187,4290,11.429777999447733,1,1.0,0.0,329.25,853.0,340.0,851.0,329.25,853.0,340.0,851.0,10.93446386431452
68,2,1266,1548,121.01367002687797,2,1.0,0.0,338.25,1088.0,376.25,998.0,338.25,1088.0,376.25,998.0,97.6933979345585
69,2,1266,4318,3.164213562373095,1,1.0,0.0,338.25,1088.0,341.0,1087.0,338.25,1088.0,341.0,1087.0,2.9261749776799064
70,2,1267,4249,3.358495283014151,1,1.0,0.0,341.0,1511.25,338.0,1510.0,341.0,1511.25,338.0,1510.0,3.25
71,2,1267,4368,15.164213562373096,1,1.0,0.0,341.0,1511.25,342.0,1526.0,341.0,1511.25,342.0,1526.0,14.783859441972519
72,2,1267,1344,24.914844469118204,2,1.0,0.0,341.0,1511.25,360.0,1498.0,341.0,1511.25,360.0,1498.0,23.163818769797004
73,2,1268,4195,58.276510369541846,1,1.0,0.0,348.3333333333333,787.6666666666666,337.0,734.0,348.3333333333333,787.6666666666666,337.0,734.0,54.85030132602328
74,2,1268,1995,126.03776828782175,2,1.0,0.0,348.3333333333333,787.6666666666666,443.0,858.0,348.3333333333333,787.6666666666666,443.0,858.0,117.9345392815674
75,2,1297,1358,25.056200591887578,2,1.0,0.0,348.3333333333333,1425.3333333333333,371.6666666666667,1420.6666666666667,348.3333333333333,1425.3333333333333,371.6666666666667,1420.6666666666667,23.795424396766336
76,2,1344,4585,4.82842712474619,1,1.0,0.0,360.0,1498.0,358.0,1494.0,360.0,1498.0,358.0,1494.0,4.47213595499958
77,2,1344,1567,50.76179174378042,2,1.0,0.0,360.0,1498.0,401.6666666666667,1478.6666666666667,360.0,1498.0,401.6666666666667,1478.6666666666667,45.93352685010033
78,2,1345,4192,30.370899457402633,1,1.0,0.0,363.3333333333333,1768.6666666666667,336.0,1776.0,363.3333333333333,1768.6666666666667,336.0,1776.0,28.299980369054794
79,2,1345,1558,105.26045478820137,2,1.0,0.0,363.3333333333333,1768.6666666666667,376.6666666666667,1676.6666666666667,363.3333333333333,1768.6666666666667,376.6666666666667,1676.6666666666667,92.96116273895126
80,2,1345,1566,32.52810029594379,2,1.0,0.0,363.3333333333333,1768.6666666666667,395.0,1771.0,363.3333333333333,1768.6666666666667,395.0,1771.0,31.752515210959636
81,2,1358,4868,108.25602235730169,1,1.0,0.0,371.6666666666667,1420.6666666666667,373.0,1317.0,371.6666666666667,1420.6666666666667,373.0,1317.0,103.67524080297846
82,2,1358,1588,43.2981481009093,2,1.0,0.0,371.6666666666667,1420.6666666666667,404.3333333333333,1446.3333333333333,371.6666666666667,1420.6666666666667,404.3333333333333,1446.3333333333333,41.543818901117874
83,2,1543,4588,39.91287660679402,1,1.0,0.0,374.6666666666667,1593.3333333333333,358.0,1561.0,374.6666666666667,1593.3333333333333,358.0,1561.0,36.37612159401024
84,2,1543,1799,59.39865316429762,2,1.0,0.0,374.6666666666667,1593.3333333333333,419.3333333333333,1567.6666666666667,374.6666666666667,1593.3333333333333,419.3333333333333,1567.6666666666667,51.515909085338656
85,2,1543,1558,87.5619699783665,2,1.0,0.0,374.6666666666667,1593.3333333333333,376.6666666666667,1676.6666666666667,374.6666666666667,1593.3333333333333,376.6666666666667,1676.6666666666667,83.35732987832846
86,2,1548,5472,65.22876787267103,1,1.0,0.0,376.25,998.0,389.0,939.0,376.25,998.0,389.0,939.0,60.361929226955624
87,2,1548,1766,32.863886733570716,2,1.0,0.0,376.25,998.0,408.6666666666667,999.3333333333334,376.25,998.0,408.6666666666667,999.3333333333334,32.444075816018504
88,2,1558,1764,37.22708028904383,2,1.0,0.0,376.6666666666667,1676.6666666666667,405.3333333333333,1697.3333333333333,376.6666666666667,1676.6666666666667,405.3333333333333,1697.3333333333333,35.339622081862736
89,2,1559,4664,19.82106781186548,1,1.0,0.0,379.75,1197.0,362.0,1192.0,379.75,1197.0,362.0,1192.0,18.440783605910028
90,2,1559,1565,14.39257987000492,2,1.0,0.0,379.75,1197.0,384.3333333333333,1209.6666666666667,379.75,1197.0,384.3333333333333,1209.6666666666667,13.470389336945336
91,2,1559,1765,89.41350751353914,2,1.0,0.0,379.75,1197.0,406.3333333333333,1118.3333333333333,379.75,1197.0,406.3333333333333,1118.3333333333333,83.03684757717845
92,2,1565,4560,56.75567576825284,1,1.0,0.0,384.3333333333333,1209.6666666666667,357.0,1251.0,384.3333333333333,1209.6666666666667,357.0,1251.0,49.55356249106161
93,2,1565,5741,16.377015432930204,1,1.0,0.0,384.3333333333333,1209.6666666666667,399.0,1214.0,384.3333333333333,1209.6666666666667,399.0,1214.0,15.293426329272613
94,2,1566,5431,61.97056274847713,1,1.0,0.0,395.0,1771.0,387.0,1828.0,395.0,1771.0,387.0,1828.0,57.55866572463264
95,2,1566,2409,54.06370849898477,2,1.0,0.0,395.0,1771.0,445.75,1763.0,395.0,1771.0,445.75,1763.0,51.37667272216059
96,2,1567,1588,33.24826147938176,2,1.0,0.0,401.6666666666667,1478.6666666666667,404.3333333333333,1446.3333333333333,401.6666666666667,1478.6666666666667,404.3333333333333,1446.3333333333333,32.44311260584541
97,2,1567,1979,40.484786190973324,2,1.0,0.0,401.6666666666667,1478.6666666666667,438.6666666666667,1487.3333333333333,401.6666666666667,1478.6666666666667,438.6666666666667,1487.3333333333333,38.00146196018133
98,2,1588,1906,25.813559904768294,2,1.0,0.0,404.3333333333333,1446.3333333333333,429.6666666666667,1444.6666666666667,404.3333333333333,1446.3333333333333,429.6666666666667,1444.6666666666667,25.38809869910618
99,4,1724,1798,2.414213562373095,0,1.0,0.0,207.0,1983.0,209.0,1984.0,207.0,1983.0,209.0,1984.0,2.23606797749979
100,2,1764,5762,8.791228995303378,1,1.0,0.0,405.3333333333333,1697.3333333333333,400.0,1704.0,405.3333333333333,1697.3333333333333,400.0,1704.0,8.537498983243845
101,2,1764,1905,20.22777346714139,2,1.0,0.0,405.3333333333333,1697.3333333333333,424.6666666666667,1694.6666666666667,405.3333333333333,1697.3333333333333,424.6666666666667,1694.6666666666667,19.516374891072612
102,2,1765,1923,104.22686942347502,2,1.0,0.0,406.3333333333333,1118.3333333333333,430.25,1033.0,406.3333333333333,1118.3333333333333,430.25,1033.0,88.62158158271725
103,2,1765,5973,5.548588308184012,1,1.0,0.0,406.3333333333333,1118.3333333333333,411.0,1116.0,406.3333333333333,1118.3333333333333,411.0,1116.0,5.217491947499493
104,2,1766,1923,43.514012576927406,2,1.0,0.0,408.6666666666667,999.3333333333334,430.25,1033.0,408.6666666666667,999.3333333333334,430.25,1033.0,39.99105802829201
105,2,1766,2557,159.75181349573214,2,1.0,0.0,408.6666666666667,999.3333333333334,492.3333333333333,882.3333333333334,408.6666666666667,999.3333333333334,492.3333333333333,882.3333333333334,143.8370992168262
106,2,1799,5859,43.93336461903432,1,1.0,0.0,419.3333333333333,1567.6666666666667,404.0,1530.0,419.3333333333333,1567.6666666666667,404.0,1530.0,40.66803276393996
107,2,1799,2531,56.22777346714138,2,1.0,0.0,419.3333333333333,1567.6666666666667,474.6666666666667,1568.3333333333333,419.3333333333333,1567.6666666666667,474.6666666666667,1568.3333333333333,55.33734925185906
108,5,1845,1893,3.82842712474619,0,1.0,0.0,212.0,1421.0,214.0,1424.0,212.0,1421.0,214.0,1424.0,3.605551275463989
109,2,1904,6403,27.727922061357862,1,1.0,0.0,421.0,444.0,430.0,420.0,421.0,444.0,430.0,420.0,25.632011235952593
110,2,1904,3200,219.58556979968287,2,1.0,0.0,421.0,444.0,562.75,581.0,421.0,444.0,562.75,581.0,197.13463039253148
111,2,1905,6355,67.59916810780932,1,1.0,0.0,424.6666666666667,1694.6666666666667,428.0,1630.0,424.6666666666667,1694.6666666666667,428.0,1630.0,64.75252032846983
112,2,1905,2421,71.8839345385362,2,1.0,0.0,424.6666666666667,1694.6666666666667,449.3333333333333,1756.3333333333333,424.6666666666667,1694.6666666666667,449.3333333333333,1756.3333333333333,66.41703262132539
113,2,1906,6485,72.01338167018243,1,1.0,0.0,429.6666666666667,1444.6666666666667,432.0,1376.0,429.6666666666667,1444.6666666666667,432.0,1376.0,68.70629924217695
114,2,1906,1979,50.57022603955145,2,1.0,0.0,429.6666666666667,1444.6666666666667,438.6666666666667,1487.3333333333333,429.6666666666667,1444.6666666666667,438.6666666666667,1487.3333333333333,43.60555520165328
115,2,1923,2515,20.4496731711976,2,1.0,0.0,430.25,1033.0,450.6666666666667,1032.6666666666667,430.25,1033.0,450.6666666666667,1032.6666666666667,20.41938757379588
116,2,1978,6113,16.52810029594379,1,1.0,0.0,433.6666666666667,1223.6666666666667,418.0,1222.0,433.6666666666667,1223.6666666666667,418.0,1222.0,15.755069730795324
117,2,1978,2410,72.23931224009912,2,1.0,0.0,433.6666666666667,1223.6666666666667,448.3333333333333,1157.3333333333333,433.6666666666667,1223.6666666666667,448.3333333333333,1157.3333333333333,67.93542685684872
118,2,1978,2516,38.47583695169077,2,1.0,0.0,433.6666666666667,1223.6666666666667,459.3333333333333,1248.6666666666667,433.6666666666667,1223.6666666666667,459.3333333333333,1248.6666666666667,35.829844791427384
119,2,1979,6827,10.528100295943856,1,1.0,0.0,438.6666666666667,1487.3333333333333,441.0,1497.0,438.6666666666667,1487.3333333333333,441.0,1497.0,9.944289260117602
120,6,1980,5580,85.66168824543138,1,1.0,0.0,442.75,1328.0,393.0,1275.0,442.75,1328.0,393.0,1275.0,72.691557281434
121,6,1980,7362,37.057194997417255,1,1.0,0.0,442.75,1328.0,460.0,1358.0,442.75,1328.0,460.0,1358.0,34.60581598517798
122,6,1980,7546,38.81433940572986,1,1.0,0.0,442.75,1328.0,471.0,1306.0,442.75,1328.0,471.0,1306.0,35.80590035175767
123,2,1995,6021,72.0121933088197,1,1.0,0.0,443.0,858.0,414.0,918.0,443.0,858.0,414.0,918.0,66.64082832618455
124,2,1995,2530,24.69967317119762,2,1.0,0.0,443.0,858.0,467.6666666666667,857.6666666666666,443.0,858.0,467.6666666666667,857.6666666666666,24.668918816104537
125,2,2409,2421,7.978366307631824,2,1.0,0.0,445.75,1763.0,449.3333333333333,1756.3333333333333,445.75,1763.0,449.3333333333333,1756.3333333333333,7.568667136439751
126,2,2409,6500,82.64298143504413,1,1.0,0.0,445.75,1763.0,432.0,1839.0,445.75,1763.0,432.0,1839.0,77.23381707516468
127,2,2410,6812,11.370899457402631,1,1.0,0.0,448.3333333333333,1157.3333333333333,441.0,1149.0,448.3333333333333,1157.3333333333333,441.0,1149.0,11.100550536897739
128,2,2410,2594,58.662475041754696,2,1.0,0.0,448.3333333333333,1157.3333333333333,505.6666666666667,1155.6666666666667,448.3333333333333,1157.3333333333333,505.6666666666667,1155.6666666666667,57.35755302389471
129,7,2415,2462,53.72792206135786,0,1.0,0.0,255.0,1628.0,260.0,1578.0,255.0,1628.0,260.0,1578.0,50.24937810560445
130,2,2421,2767,76.39815798103257,2,1.0,0.0,449.3333333333333,1756.3333333333333,517.0,1755.0,449.3333333333333,1756.3333333333333,517.0,1755.0,67.67980168082319
131,2,2515,8558,162.25926642683882,1,1.0,0.0,450.6666666666667,1032.6666666666667,509.0,1022.0,450.6666666666667,1032.6666666666667,509.0,1022.0,59.300552742411725
132,2,2515,2529,22.043318143969653,2,1.0,0.0,450.6666666666667,1032.6666666666667,462.25,1050.0,450.6666666666667,1032.6666666666667,462.25,1050.0,20.847495186605812
133,2,2516,7022,30.856180831641208,1,1.0,0.0,459.3333333333333,1248.6666666666667,446.0,1274.0,459.3333333333333,1248.6666666666667,446.0,1274.0,28.627880738111777
134,2,2516,2592,43.113886733570695,2,1.0,0.0,459.3333333333333,1248.6666666666667,502.0,1248.0,459.3333333333333,1248.6666666666667,502.0,1248.0,42.67187468214738
135,2,2529,6594,60.8854072175953,1,1.0,0.0,462.25,1050.0,435.0,1098.0,462.25,1050.0,435.0,1098.0,55.1956746493781
136,2,2529,2746,55.978767872671035,2,1.0,0.0,462.25,1050.0,506.25,1071.0,462.25,1050.0,506.25,1071.0,48.75448697299562
137,2,2530,7699,39.44808324479567,1,1.0,0.0,467.6666666666667,857.6666666666666,477.0,822.0,467.6666666666667,857.6666666666666,477.0,822.0,36.86763109045955
138,2,2530,2557,36.05550741379019,2,1.0,0.0,467.6666666666667,857.6666666666666,492.3333333333333,882.3333333333334,467.6666666666667,857.6666666666666,492.3333333333333,882.3333333333334,34.88393453853637
139,2,2531,2930,189.13827335121053,2,1.0,0.0,474.6666666666667,1568.3333333333333,532.0,1729.0,474.6666666666667,1568.3333333333333,532.0,1729.0,170.5898264518987
140,2,2531,2766,72.49916226668532,2,1.0,0.0,474.6666666666667,1568.3333333333333,517.25,1521.0,474.6666666666667,1568.3333333333333,517.25,1521.0,63.66933894915365
141,2,2557,3119,54.85715832743509,2,1.0,0.0,492.3333333333333,882.3333333333334,541.0,866.75,492.3333333333333,882.3333333333334,541.0,866.75,51.1007311319733
142,2,2592,2594,104.06938426723758,2,1.0,0.0,502.0,1248.0,505.6666666666667,1155.6666666666667,502.0,1248.0,505.6666666666667,1155.6666666666667,92.40610850419401
143,2,2592,2860,29.34146220587982,2,1.0,0.0,502.0,1248.0,523.3333333333334,1267.3333333333333,502.0,1248.0,523.3333333333334,1267.3333333333333,28.790430508918888
144,2,2593,6003,101.99831645537219,1,1.0,0.0,505.3333333333333,769.6666666666666,413.0,779.0,505.3333333333333,769.6666666666666,413.0,779.0,92.80385528390269
145,2,2593,6542,210.1088360996875,1,1.0,0.0,505.3333333333333,769.6666666666666,434.0,589.0,505.3333333333333,769.6666666666666,434.0,589.0,194.23925681717606
146,2,2593,3119,114.2902936047635,2,1.0,0.0,505.3333333333333,769.6666666666666,541.0,866.75,505.3333333333333,769.6666666666666,541.0,866.75,103.42767870460128
147,2,2594,9032,40.83285955564599,1,1.0,0.0,505.6666666666667,1155.6666666666667,528.0,1124.0,505.6666666666667,1155.6666666666667,528.0,1124.0,38.74991039416168
148,8,2684,2688,4.0,0,1.0,0.0,271.0,2011.0,271.0,2015.0,271.0,2011.0,271.0,2015.0,4.0
149,9,2713,2919,13.485281374238571,0,1.0,0.0,273.0,941.0,279.0,930.0,273.0,941.0,279.0,930.0,12.529964086141668
150,2,2746,7905,52.29983568453652,1,1.0,0.0,506.25,1071.0,486.0,1115.0,506.25,1071.0,486.0,1115.0,48.43616933656087
151,2,2746,3152,51.72056274847712,2,1.0,0.0,506.25,1071.0,553.0,1081.0,506.25,1071.0,553.0,1081.0,47.80755693402456
152,2,2765,9251,42.83285955564603,1,1.0,0.0,513.6666666666666,1901.6666666666667,539.0,1871.0,513.6666666666666,1901.6666666666667,539.0,1871.0,39.77715704047021
153,2,2765,2861,45.5130350811336,2,1.0,0.0,513.6666666666666,1901.6666666666667,531.0,1940.0,513.6666666666666,1901.6666666666667,531.0,1940.0,42.07004740773279
154,2,2766,2860,285.1241856321944,2,1.0,0.0,517.25,1521.0,523.3333333333334,1267.3333333333333,517.25,1521.0,523.3333333333334,1267.3333333333333,253.73960022476243
155,2,2766,3199,47.511791743780385,2,1.0,0.0,517.25,1521.0,557.6666666666666,1503.6666666666667,517.25,1521.0,557.6666666666666,1503.6666666666667,43.976714166577786
156,2,2767,7983,98.01219330881969,1,1.0,0.0,517.0,1755.0,488.0,1841.0,517.0,1755.0,488.0,1841.0,90.75791976461338
157,2,2767,2930,32.213203435596434,2,1.0,0.0,517.0,1755.0,532.0,1729.0,517.0,1755.0,532.0,1729.0,30.01666203960727
158,2,2860,9165,13.377015432930158,1,1.0,0.0,523.3333333333334,1267.3333333333333,535.0,1263.0,523.3333333333334,1267.3333333333333,535.0,1263.0,12.44543646839625
159,2,2861,9046,8.242640687119284,1,1.0,0.0,531.0,1940.0,528.0,1947.0,531.0,1940.0,528.0,1947.0,7.615773105863909
160,2,2861,4263,192.15916292848985,2,1.0,0.0,531.0,1940.0,693.75,1869.0,531.0,1940.0,693.75,1869.0,177.56284098876094
161,2,2930,3608,37.838402248970375,2,1.0,0.0,532.0,1729.0,569.0,1728.8,532.0,1729.0,569.0,1728.8,37.00054053659216
162,2,3119,3226,29.47140855979036,2,1.0,0.0,541.0,866.75,562.0,886.0,541.0,866.75,562.0,886.0,28.487936043174486
163,2,3137,9115,52.40012584335676,1,1.0,0.0,551.0,1619.25,532.0,1575.0,551.0,1619.25,532.0,1575.0,48.15664543964831
164,2,3137,9460,34.57842712474619,1,1.0,0.0,551.0,1619.25,553.0,1653.0,551.0,1619.25,553.0,1653.0,33.80920732581585
165,2,3137,3625,96.3840702620163,2,1.0,0.0,551.0,1619.25,594.3333333333334,1543.3333333333333,551.0,1619.25,594.3333333333334,1543.3333333333333,87.41348897942223
166,2,3138,9303,12.915059373686304,1,1.0,0.0,551.25,677.0,544.0,667.0,551.25,677.0,544.0,667.0,12.351619327035625
167,2,3138,9476,30.67241868656702,1,1.0,0.0,551.25,677.0,555.0,706.0,551.25,677.0,555.0,706.0,29.241451742346857
168,2,3138,3930,125.13091403832931,2,1.0,0.0,551.25,677.0,645.6666666666666,744.3333333333334,551.25,677.0,645.6666666666666,744.3333333333334,115.96673972403562
169,2,3152,9297,24.142135623730955,1,1.0,0.0,553.0,1081.0,543.0,1101.0,553.0,1081.0,543.0,1101.0,22.360679774997898
170,2,3152,9914,17.0,1,1.0,0.0,553.0,1081.0,570.0,1081.0,553.0,1081.0,570.0,1081.0,17.0
171,2,3199,3646,268.0614125237493,2,1.0,0.0,557.6666666666666,1503.6666666666667,610.0,1270.75,557.6666666666666,1503.6666666666667,610.0,1270.75,238.72358783515492
172,2,3199,3625,58.955002350401735,2,1.0,0.0,557.6666666666666,1503.6666666666667,594.3333333333334,1543.3333333333333,557.6666666666666,1503.6666666666667,594.3333333333334,1543.3333333333333,54.01748688053603
173,2,3200,4445,266.7676582115044,2,1.0,0.0,562.75,581.0,725.0,444.0,562.75,581.0,725.0,444.0,212.35362605804497
174,2,3200,3997,194.38731433155363,2,1.0,0.0,562.75,581.0,678.3333333333334,706.6666666666666,562.75,581.0,678.3333333333334,706.6666666666666,170.7384492595489
175,2,3226,3632,127.08326112068515,2,1.0,0.0,562.0,886.0,597.0,998.0,562.0,886.0,597.0,998.0,117.34138229968147
176,2,3226,3680,131.88225099390846,2,1.0,0.0,562.0,886.0,637.0,801.0,562.0,886.0,637.0,801.0,113.35784048754634
177,10,3455,3500,4.82842712474619,0,1.0,0.0,303.0,2046.0,307.0,2048.0,303.0,2046.0,307.0,2048.0,4.47213595499958
178,11,3597,3762,26.142135623730955,0,1.0,0.0,311.0,1693.0,319.0,1715.0,311.0,1693.0,319.0,1715.0,23.40939982143925
179,2,3608,10028,20.856854249492425,1,1.0,0.0,569.0,1728.8,573.0,1748.0,569.0,1728.8,573.0,1748.0,19.612241075410065
180,2,3608,3634,51.747919806831945,2,1.0,0.0,569.0,1728.8,606.25,1703.0,569.0,1728.8,606.25,1703.0,45.312277585661015
181,2,3624,3647,136.33956779568317,2,1.0,0.0,569.3333333333334,1202.3333333333333,616.0,1096.75,569.3333333333334,1202.3333333333333,616.0,1096.75,115.43664087089304
182,2,3624,9777,7.962801870557222,1,1.0,0.0,569.3333333333334,1202.3333333333333,566.0,1209.0,569.3333333333334,1202.3333333333333,566.0,1209.0,7.453559924999383
183,2,3624,3627,30.01338167018231,2,1.0,0.0,569.3333333333334,1202.3333333333333,596.0,1194.0,569.3333333333334,1202.3333333333333,596.0,1194.0,27.938424357066957
184,2,3625,3633,12.641987029514372,2,1.0,0.0,594.3333333333334,1543.3333333333333,605.6666666666666,1539.6666666666667,594.3333333333334,1543.3333333333333,605.6666666666666,1539.6666666666667,11.91171225680364
185,2,3627,10630,22.071067811865476,1,1.0,0.0,596.0,1194.0,601.0,1174.0,596.0,1194.0,601.0,1174.0,20.615528128088304
186,2,3627,10586,4.242640687119286,1,1.0,0.0,596.0,1194.0,599.0,1197.0,596.0,1194.0,599.0,1197.0,4.242640687119285
187,2,3632,3647,106.62005768508877,2,1.0,0.0,597.0,998.0,616.0,1096.75,597.0,998.0,616.0,1096.75,100.56123756199503
188,2,3632,4234,129.21130902539974,2,1.0,0.0,597.0,998.0,691.25,927.0,597.0,998.0,691.25,927.0,118.0002648302113
189,2,3633,3650,119.58508038879296,2,1.0,0.0,605.6666666666666,1539.6666666666667,632.0,1433.75,605.6666666666666,1539.6666666666667,632.0,1433.75,109.14112296573754
190,2,3633,3949,42.65635906622711,2,1.0,0.0,605.6666666666666,1539.6666666666667,645.6666666666666,1546.3333333333333,605.6666666666666,1539.6666666666667,645.6666666666666,1546.3333333333333,40.551750201988106
191,2,3634,10488,36.914844469118194,1,1.0,0.0,606.25,1703.0,594.0,1671.0,606.25,1703.0,594.0,1671.0,34.264595430268834
192,2,3634,11395,33.47792206135786,1,1.0,0.0,606.25,1703.0,636.0,1694.0,606.25,1703.0,636.0,1694.0,31.08154597184638
193,2,3646,10752,26.429777999447733,1,1.0,0.0,610.0,1270.75,608.0,1245.0,610.0,1270.75,608.0,1245.0,25.827553116778212
194,2,3646,3648,6.4453424365223695,2,1.0,0.0,610.0,1270.75,616.0,1272.25,610.0,1270.75,616.0,1272.25,6.18465843842649
195,2,3647,3663,23.543449828450267,2,1.0,0.0,616.0,1096.75,636.6666666666666,1104.3333333333333,616.0,1096.75,636.6666666666666,1104.3333333333333,22.014042235708388
196,2,3648,10888,28.406854249492383,1,1.0,0.0,616.0,1272.25,612.0,1299.0,616.0,1272.25,612.0,1299.0,27.047412075834536
197,2,3648,3995,52.45753170634276,2,1.0,0.0,616.0,1272.25,662.3333333333334,1281.3333333333333,616.0,1272.25,662.3333333333334,1281.3333333333333,47.215301780484516
198,2,3650,11584,43.15770006080558,1,1.0,0.0,632.0,1433.75,643.0,1395.0,632.0,1433.75,643.0,1395.0,40.281043928875526
199,2,3650,11850,66.22876787267106,1,1.0,0.0,632.0,1433.75,653.0,1482.0,632.0,1433.75,653.0,1482.0,52.62188233045261
200,2,3663,4308,147.44422097227493,2,1.0,0.0,636.6666666666666,1104.3333333333333,695.6666666666666,1227.3333333333333,636.6666666666666,1104.3333333333333,695.6666666666666,1227.3333333333333,136.41847382227965
201,2,3663,4064,74.39647443640482,2,1.0,0.0,636.6666666666666,1104.3333333333333,685.3333333333334,1052.3333333333333,636.6666666666666,1104.3333333333333,685.3333333333334,1052.3333333333333,71.2210955015749
202,2,3679,11272,6.113886733570638,1,1.0,0.0,636.6666666666666,1626.6666666666667,631.0,1628.0,636.6666666666666,1626.6666666666667,631.0,1628.0,5.821416398857606
203,2,3679,3971,76.34757818140744,2,1.0,0.0,636.6666666666666,1626.6666666666667,653.0,1557.0,636.6666666666666,1626.6666666666667,653.0,1557.0,71.55572808812887
204,2,3679,11569,10.54247233265648,1,1.0,0.0,636.6666666666666,1626.6666666666667,642.0,1635.0,636.6666666666666,1626.6666666666667,642.0,1635.0,9.893881386437178
205,2,3680,9719,111.68124086713178,1,1.0,0.0,637.0,801.0,564.0,726.0,637.0,801.0,564.0,726.0,104.66135867644753
206,2,3680,3972,24.9148444691182,2,1.0,0.0,637.0,801.0,657.0,788.75,637.0,801.0,657.0,788.75,23.45341126574128
207,2,3681,11286,6.113886733570638,1,1.0,0.0,637.6666666666666,1348.6666666666667,632.0,1350.0,637.6666666666666,1348.6666666666667,632.0,1350.0,5.821416398857606
208,2,3681,3995,77.36095985158987,2,1.0,0.0,637.6666666666666,1348.6666666666667,662.3333333333334,1281.3333333333333,637.6666666666666,1348.6666666666667,662.3333333333334,1281.3333333333333,71.7092896507994
209,2,3681,11535,5.71404520791029,1,1.0,0.0,637.6666666666666,1348.6666666666667,641.0,1353.0,637.6666666666666,1348.6666666666667,641.0,1353.0,5.467073155618872
210,2,3930,3972,48.85737323200315,2,1.0,0.0,645.6666666666666,744.3333333333334,657.0,788.75,645.6666666666666,744.3333333333334,657.0,788.75,45.839772274982124
211,2,3930,3997,51.783429475148104,2,1.0,0.0,645.6666666666666,744.3333333333334,678.3333333333334,706.6666666666666,645.6666666666666,744.3333333333334,678.3333333333334,706.6666666666666,49.858689201471186
212,2,3949,11712,29.299831645537196,1,1.0,0.0,645.6666666666666,1546.3333333333333,648.0,1518.0,645.6666666666666,1546.3333333333333,648.0,1518.0,28.429249413627122
213,2,3949,3971,13.619656120049605,2,1.0,0.0,645.6666666666666,1546.3333333333333,653.0,1557.0,645.6666666666666,1546.3333333333333,653.0,1557.0,12.94432522596515
214,2,3971,4327,48.20544255767634,2,1.0,0.0,653.0,1557.0,698.6666666666666,1550.6666666666667,653.0,1557.0,698.6666666666666,1550.6666666666667,46.10374773872024
215,2,3972,12607,57.71383434234151,1,1.0,0.0,657.0,788.75,689.0,830.0,657.0,788.75,689.0,830.0,52.206920039397076
216,2,3995,4326,45.777141276286905,2,1.0,0.0,662.3333333333334,1281.3333333333333,699.0,1258.75,662.3333333333334,1281.3333333333333,699.0,1258.75,43.06334158990548
217,2,3996,11705,20.242640687119287,1,1.0,0.0,667.0,1022.0,648.0,1025.0,667.0,1022.0,648.0,1025.0,19.235384061671343
218,2,3996,12576,36.2842712474619,1,1.0,0.0,667.0,1022.0,687.0,994.0,667.0,1022.0,687.0,994.0,34.40930106817051
219,2,3996,4064,37.927248643506715,2,1.0,0.0,667.0,1022.0,685.3333333333334,1052.3333333333333,667.0,1022.0,685.3333333333334,1052.3333333333333,35.443225336052855
220,2,3997,4444,32.22777346714132,2,1.0,0.0,678.3333333333334,706.6666666666666,709.6666666666666,709.3333333333334,678.3333333333334,706.6666666666666,709.6666666666666,709.3333333333334,31.446603773521943
221,2,4064,4449,154.45535297844975,2,1.0,0.0,685.3333333333334,1052.3333333333333,733.75,934.0,685.3333333333334,1052.3333333333333,733.75,934.0,127.85519695690459
222,2,4233,12041,48.59021886852665,1,1.0,0.0,688.6666666666666,897.3333333333334,661.0,865.0,688.6666666666666,897.3333333333334,661.0,865.0,42.55454016775283
223,2,4233,4234,30.543664733018392,2,1.0,0.0,688.6666666666666,897.3333333333334,691.25,927.0,688.6666666666666,897.3333333333334,691.25,927.0,29.778930844176056
224,2,4233,13163,34.098821518760616,1,1.0,0.0,688.6666666666666,897.3333333333334,705.0,870.0,688.6666666666666,897.3333333333334,705.0,870.0,31.841621957571384
225,2,4234,4449,45.10219668601475,2,1.0,0.0,691.25,927.0,733.75,934.0,691.25,927.0,733.75,934.0,43.072613108563544
226,13,4235,12588,6.548588308184039,1,1.0,0.0,693.6666666666666,638.6666666666666,688.0,641.0,693.6666666666666,638.6666666666666,688.0,641.0,6.1282587702833915
227,13,4235,13067,54.59916810780922,1,1.0,0.0,693.6666666666666,638.6666666666666,701.0,587.0,693.6666666666666,638.6666666666666,701.0,587.0,52.184501743546605
228,13,4235,13253,21.61354014452204,1,1.0,0.0,693.6666666666666,638.6666666666666,709.0,651.0,693.6666666666666,638.6666666666666,709.0,651.0,19.67796285752731
229,2,4263,5196,480.110892723039,2,1.0,0.0,693.75,1869.0,977.0,1636.8,693.75,1869.0,977.0,1636.8,366.2613854885607
230,2,4263,12815,6.429777999447732,1,1.0,0.0,693.75,1869.0,695.0,1875.0,693.75,1869.0,695.0,1875.0,6.128825336065631
231,12,4305,4474,55.97056274847712,0,1.0,0.0,340.0,1296.0,351.0,1252.0,340.0,1296.0,351.0,1252.0,45.35416188179427
232,2,4308,4326,32.692313858316965,2,1.0,0.0,695.6666666666666,1227.3333333333333,699.0,1258.75,695.6666666666666,1227.3333333333333,699.0,1258.75,31.593006434265806
233,2,4308,4695,221.35848951063855,2,1.0,0.0,695.6666666666666,1227.3333333333333,786.0,1053.25,695.6666666666666,1227.3333333333333,786.0,1053.25,196.125261135723
234,2,4326,4630,509.72811969221607,2,1.0,0.0,699.0,1258.75,768.0,1583.0,699.0,1258.75,768.0,1583.0,331.51027510470925
235,2,4327,4363,142.73618043266586,2,1.0,0.0,698.6666666666666,1550.6666666666667,708.0,1418.0,698.6666666666666,1550.6666666666667,708.0,1418.0,132.99456964686783
236,2,4327,4458,63.85618083164125,2,1.0,0.0,698.6666666666666,1550.6666666666667,755.0,1566.0,698.6666666666666,1550.6666666666667,755.0,1566.0,58.38283613833399
237,2,4363,13217,1.4142135623730951,1,1.0,0.0,708.0,1418.0,707.0,1417.0,708.0,1418.0,707.0,1417.0,1.4142135623730951
238,2,4363,13363,8.82842712474619,1,1.0,0.0,708.0,1418.0,716.0,1416.0,708.0,1418.0,716.0,1416.0,8.246211251235321
239,2,4444,13414,19.613540144522037,1,1.0,0.0,709.6666666666666,709.3333333333334,720.0,694.0,709.6666666666666,709.3333333333334,720.0,694.0,18.490237664478272
240,2,4444,4448,36.061623389317745,2,1.0,0.0,709.6666666666666,709.3333333333334,729.3333333333334,737.3333333333334,709.6666666666666,709.3333333333334,729.3333333333334,737.3333333333334,34.21663013474268
241,2,4445,13574,23.82842712474619,1,1.0,0.0,725.0,444.0,727.0,421.0,725.0,444.0,727.0,421.0,23.08679276123039
242,2,4445,4849,102.39696961966992,2,1.0,0.0,725.0,444.0,810.0,486.0,725.0,444.0,810.0,486.0,94.81033698917012
243,2,4448,4449,221.1030430840917,2,1.0,0.0,729.3333333333334,737.3333333333334,733.75,934.0,729.3333333333334,737.3333333333334,733.75,934.0,196.71625434168425
244,2,4448,13861,11.113886733570661,1,1.0,0.0,729.3333333333334,737.3333333333334,740.0,736.0,729.3333333333334,737.3333333333334,740.0,736.0,10.749676997731367
245,14,4455,12793,61.519552621700434,1,1.0,0.0,737.75,1092.0,695.0,1126.0,737.75,1092.0,695.0,1126.0,54.6219964849327
246,14,4455,13882,15.258205124193925,1,1.0,0.0,737.75,1092.0,741.0,1078.0,737.75,1092.0,741.0,1078.0,14.37228235180481
247,14,4455,13933,22.429563094879626,1,1.0,0.0,737.75,1092.0,744.0,1112.0,737.75,1092.0,744.0,1112.0,20.953818267800262
248,2,4458,14183,62.31370849898475,1,1.0,0.0,755.0,1566.0,757.0,1507.0,755.0,1566.0,757.0,1507.0,59.033888572581766
249,2,4458,4630,22.384776310850242,2,1.0,0.0,755.0,1566.0,768.0,1583.0,755.0,1566.0,768.0,1583.0,21.400934559032695
250,2,4630,11082,320.2325394193532,1,1.0,0.0,768.0,1583.0,618.0,1837.0,768.0,1583.0,618.0,1837.0,294.98474536829866
251,2,4694,13956,201.7138343423416,1,1.0,0.0,772.25,716.0,746.0,525.0,772.25,716.0,746.0,525.0,192.7953902457214
252,2,4694,4712,88.65636310522642,2,1.0,0.0,772.25,716.0,801.6666666666666,789.3333333333334,772.25,716.0,801.6666666666666,789.3333333333334,79.0134042777272
253,2,4694,15327,55.620057685088774,1,1.0,0.0,772.25,716.0,820.0,697.0,772.25,716.0,820.0,697.0,51.391268713663806
254,2,4695,14914,122.54226146708767,1,1.0,0.0,786.0,1053.25,791.0,943.0,786.0,1053.25,791.0,943.0,110.3633204466049
255,2,4695,4936,43.38624898990919,2,1.0,0.0,786.0,1053.25,824.3333333333334,1040.6666666666667,786.0,1053.25,824.3333333333334,1040.6666666666667,40.34581418464898
256,2,4712,17957,383.6306974003865,1,1.0,0.0,801.6666666666666,789.3333333333334,970.0,1101.0,801.6666666666666,789.3333333333334,970.0,1101.0,354.2205841311628
257,2,4712,5029,157.99663694974376,2,1.0,0.0,801.6666666666666,789.3333333333334,859.75,682.0,801.6666666666666,789.3333333333334,859.75,682.0,122.04146039586534
258,2,4821,14873,22.033869682422612,1,1.0,0.0,807.6666666666666,534.6666666666666,789.0,543.0,807.6666666666666,534.6666666666666,789.0,543.0,20.44233080861593
259,2,4821,4849,50.356527420689936,2,1.0,0.0,807.6666666666666,534.6666666666666,810.0,486.0,807.6666666666666,534.6666666666666,810.0,486.0,48.72257063095999
260,2,4821,5027,110.84012525030073,2,1.0,0.0,807.6666666666666,534.6666666666666,855.6666666666666,614.6666666666666,807.6666666666666,534.6666666666666,855.6666666666666,614.6666666666666,93.29523031752481
261,2,4849,4992,41.69848480983499,2,1.0,0.0,810.0,486.0,836.0,458.0,810.0,486.0,836.0,458.0,38.2099463490856
262,15,4850,14503,60.613544183521256,1,1.0,0.0,819.75,1251.0,773.0,1282.0,819.75,1251.0,773.0,1282.0,56.094228758402586
263,15,4850,15745,55.88540721759533,1,1.0,0.0,819.75,1251.0,838.0,1205.0,819.75,1251.0,838.0,1205.0,49.488003596831426
264,15,4850,4993,53.001476718058306,2,1.0,0.0,819.75,1251.0,837.25,1297.0,819.75,1251.0,837.25,1297.0,49.216359068911224
265,2,4936,15348,17.942313858316965,1,1.0,0.0,824.3333333333334,1040.6666666666667,821.0,1024.0,824.3333333333334,1040.6666666666667,821.0,1024.0,16.996731711976032
266,2,4936,5028,63.61797257542158,2,1.0,0.0,824.3333333333334,1040.6666666666667,855.3333333333334,1091.3333333333333,824.3333333333334,1040.6666666666667,855.3333333333334,1091.3333333333333,59.397904938735806
267,2,4992,5058,75.65517070486457,2,1.0,0.0,836.0,458.0,863.3333333333334,393.6666666666667,836.0,458.0,863.3333333333334,393.6666666666667,69.89913367767078
268,2,4992,5362,434.64507347609833,2,1.0,0.0,836.0,458.0,1048.75,789.0,836.0,458.0,1048.75,789.0,393.47625404844956
269,15,4993,15302,40.81433940572986,1,1.0,0.0,837.25,1297.0,818.0,1330.0,837.25,1297.0,818.0,1330.0,38.20422097098696
270,15,4993,16438,46.892135623730944,1,1.0,0.0,837.25,1297.0,871.0,1278.0,837.25,1297.0,871.0,1278.0,38.73064032519989
271,16,5012,5347,24.142135623730955,0,1.0,0.0,376.0,901.0,384.0,881.0,376.0,901.0,384.0,881.0,21.540659228538015
272,2,5027,15294,55.46922579289801,1,1.0,0.0,855.6666666666666,614.6666666666666,818.0,648.0,855.6666666666666,614.6666666666666,818.0,648.0,50.29800084385948
273,2,5027,5029,77.77124020532759,2,1.0,0.0,855.6666666666666,614.6666666666666,859.75,682.0,855.6666666666666,614.6666666666666,859.75,682.0,67.45703365023468
274,2,5028,15910,20.427595232555536,1,1.0,0.0,855.3333333333334,1091.3333333333333,846.0,1108.0,855.3333333333334,1091.3333333333333,846.0,1108.0,19.102065042525957
275,2,5028,16701,30.356527420689925,1,1.0,0.0,855.3333333333334,1091.3333333333333,884.0,1095.0,855.3333333333334,1091.3333333333333,884.0,1095.0,28.90021145635825
276,2,5029,16130,1.75,1,1.0,0.0,859.75,682.0,858.0,682.0,859.75,682.0,858.0,682.0,1.75
277,2,5058,16201,25.942313858316908,1,1.0,0.0,863.3333333333334,393.6666666666667,862.0,369.0,863.3333333333334,393.6666666666667,862.0,369.0,24.70267641819856
278,2,5058,5195,157.36703718488192,2,1.0,0.0,863.3333333333334,393.6666666666667,974.3333333333334,358.6666666666667,863.3333333333334,393.6666666666667,974.3333333333334,358.6666666666667,116.3872845288522
279,17,5079,16559,4.82842712474619,1,1.0,0.0,877.0,1821.0,875.0,1817.0,877.0,1821.0,875.0,1817.0,4.47213595499958
280,17,5079,16450,7.242640687119286,1,1.0,0.0,877.0,1821.0,871.0,1824.0,877.0,1821.0,871.0,1824.0,6.708203932499369
281,17,5079,16627,3.82842712474619,1,1.0,0.0,877.0,1821.0,879.0,1818.0,877.0,1821.0,879.0,1818.0,3.605551275463989
282,18,5102,16102,61.14656805463066,1,1.0,0.0,904.6666666666666,822.6666666666666,856.0,853.0,904.6666666666666,822.6666666666666,856.0,853.0,57.34592884900857
283,18,5102,5103,28.113886733570663,2,1.0,0.0,904.6666666666666,822.6666666666666,906.0,795.0,904.6666666666666,822.6666666666666,906.0,795.0,27.6987765473896
284,18,5102,5164,48.81898270219845,2,1.0,0.0,904.6666666666666,822.6666666666666,921.3333333333334,864.6666666666666,904.6666666666666,822.6666666666666,921.3333333333334,864.6666666666666,45.186035207548144
285,18,5103,16833,28.970562748477146,1,1.0,0.0,906.0,795.0,894.0,771.0,906.0,795.0,894.0,771.0,26.832815729997478
286,18,5103,17057,8.65685424949238,1,1.0,0.0,906.0,795.0,913.0,791.0,906.0,795.0,913.0,791.0,8.06225774829855
287,18,5164,16699,54.06938426723772,1,1.0,0.0,921.3333333333334,864.6666666666666,884.0,898.0,921.3333333333334,864.6666666666666,884.0,898.0,50.04886501099595
288,18,5164,17672,31.01338167018233,1,1.0,0.0,921.3333333333334,864.6666666666666,949.0,873.0,921.3333333333334,864.6666666666666,949.0,873.0,28.894443910359087
289,2,5194,17133,123.46027655361533,1,1.0,0.0,955.6666666666666,1484.3333333333333,919.0,1379.0,955.6666666666666,1484.3333333333333,919.0,1379.0,111.53275552749307
290,2,5194,17912,64.84180879492862,1,1.0,0.0,955.6666666666666,1484.3333333333333,966.0,1545.0,955.6666666666666,1484.3333333333333,966.0,1545.0,61.54041129389884
291,2,5194,5362,735.180403133818,2,1.0,0.0,955.6666666666666,1484.3333333333333,1048.75,789.0,955.6666666666666,1484.3333333333333,1048.75,789.0,701.5361369087759
292,2,5195,17979,22.356527420690004,1,1.0,0.0,974.3333333333334,358.6666666666667,972.0,338.0,974.3333333333334,358.6666666666667,972.0,338.0,20.797969986408685
293,2,5195,5640,311.39310734714957,2,1.0,0.0,974.3333333333334,358.6666666666667,1110.0,144.0,974.3333333333334,358.6666666666667,1110.0,144.0,253.94334451255503
294,2,5196,18088,9.028427124746235,1,1.0,0.0,977.0,1636.8,979.0,1645.0,977.0,1636.8,979.0,1645.0,8.440379138403722
295,2,5196,6413,610.8849140708428,2,1.0,0.0,977.0,1636.8,1344.6666666666667,2020.3333333333333,977.0,1636.8,1344.6666666666667,2020.3333333333333,531.2970878478026
296,19,5361,19202,11.414213562373096,1,1.0,0.0,1040.0,1853.0,1039.0,1842.0,1040.0,1853.0,1039.0,1842.0,11.045361017187261
297,19,5361,19234,1.0,1,1.0,0.0,1040.0,1853.0,1040.0,1854.0,1040.0,1853.0,1040.0,1854.0,1.0
298,19,5361,19348,6.414213562373095,1,1.0,0.0,1040.0,1853.0,1046.0,1852.0,1040.0,1853.0,1046.0,1852.0,6.082762530298219
299,2,5362,20566,461.3828819006541,1,1.0,0.0,1048.75,789.0,1106.0,352.0,1048.75,789.0,1106.0,352.0,440.7341176945574
300,20,5387,20435,10.429563094879628,1,1.0,0.0,1107.0,1351.75,1099.0,1358.0,1107.0,1351.75,1099.0,1358.0,10.151970252123476
301,20,5387,20573,3.164213562373095,1,1.0,0.0,1107.0,1351.75,1106.0,1349.0,1107.0,1351.75,1106.0,1349.0,2.9261749776799064
302,20,5387,20648,4.429777999447732,1,1.0,0.0,1107.0,1351.75,1111.0,1353.0,1107.0,1351.75,1111.0,1353.0,4.190763653560053
303,21,5491,5681,29.727922061357862,0,1.0,0.0,390.0,736.0,397.0,710.0,390.0,736.0,397.0,710.0,26.92582403567252
304,2,5640,20813,67.55634918610403,1,1.0,0.0,1110.0,144.0,1121.0,81.0,1110.0,144.0,1121.0,81.0,63.953107821277925
305,2,5640,5856,240.96670047595657,2,1.0,0.0,1110.0,144.0,1173.3333333333333,357.6666666666667,1110.0,144.0,1173.3333333333333,357.6666666666667,222.8554588865966
306,22,5776,20226,40.23528137423857,1,1.0,0.0,1130.75,1212.0,1093.0,1216.0,1130.75,1212.0,1093.0,1216.0,37.96132900729373
307,22,5776,21168,31.915059373686304,1,1.0,0.0,1130.75,1212.0,1138.0,1183.0,1130.75,1212.0,1138.0,1183.0,29.89251578572804
308,22,5776,21397,29.08641734437201,1,1.0,0.0,1130.75,1212.0,1149.0,1229.0,1130.75,1212.0,1149.0,1229.0,24.941180806048457
309,2,5818,5908,441.3012178586408,2,1.0,0.0,1166.0,832.0,1277.1666666666667,440.1666666666667,1166.0,832.0,1277.1666666666667,440.1666666666667,407.29766619622177
310,2,5818,20223,124.82337649086271,1,1.0,0.0,1166.0,832.0,1093.0,926.0,1166.0,832.0,1093.0,926.0,119.01680553602503
311,2,5818,5875,20.75,2,1.0,0.0,1166.0,832.0,1186.75,832.0,1166.0,832.0,1186.75,832.0,20.75
312,2,5819,19908,142.46067811865467,1,1.0,0.0,1167.75,950.0,1077.0,1031.0,1167.75,950.0,1077.0,1031.0,121.64112174754062
313,2,5819,5875,128.31518521704302,2,1.0,0.0,1167.75,950.0,1186.75,832.0,1167.75,950.0,1186.75,832.0,119.5198728245642
314,2,5819,21833,71.25799021962581,1,1.0,0.0,1167.75,950.0,1168.0,1018.0,1167.75,950.0,1168.0,1018.0,68.00045955727064
315,2,5856,21042,143.03994701571477,1,1.0,0.0,1173.3333333333333,357.6666666666667,1133.0,484.0,1173.3333333333333,357.6666666666667,1133.0,484.0,132.6155680487358
316,2,5856,5890,87.41153965121505,2,1.0,0.0,1173.3333333333333,357.6666666666667,1248.6666666666667,387.3333333333333,1173.3333333333333,357.6666666666667,1248.6666666666667,387.3333333333333,80.96432684968265
317,23,5857,20474,87.39815798103261,1,1.0,0.0,1179.6666666666667,1568.3333333333333,1101.0,1547.0,1179.6666666666667,1568.3333333333333,1101.0,1547.0,81.50800914974899
318,23,5857,22172,19.113886733570748,1,1.0,0.0,1179.6666666666667,1568.3333333333333,1181.0,1587.0,1179.6666666666667,1568.3333333333333,1181.0,1587.0,18.714225130157672
319,23,5857,5883,89.64129789041621,2,1.0,0.0,1179.6666666666667,1568.3333333333333,1235.0,1510.75,1179.6666666666667,1568.3333333333333,1235.0,1510.75,79.85999033029955
320,2,5875,23001,104.19911571658005,1,1.0,0.0,1186.75,832.0,1219.0,741.0,1186.75,832.0,1219.0,741.0,96.54564982431886
321,24,5882,22623,134.52522838995327,1,1.0,0.0,1204.3333333333333,1251.6666666666667,1199.0,1366.0,1204.3333333333333,1251.6666666666667,1199.0,1366.0,114.45765835257829
322,24,5882,22497,82.49866304442097,1,1.0,0.0,1204.3333333333333,1251.6666666666667,1194.0,1175.0,1204.3333333333333,1251.6666666666667,1194.0,1175.0,77.35990922665025
323,24,5882,23377,65.97499517937688,1,1.0,0.0,1204.3333333333333,1251.6666666666667,1240.0,1301.0,1204.3333333333333,1251.6666666666667,1240.0,1301.0,60.8760124259867
324,23,5883,23623,44.96320343559643,1,1.0,0.0,1235.0,1510.75,1250.0,1472.0,1235.0,1510.75,1250.0,1472.0,41.551925346486655
325,23,5883,5891,142.6997466233252,2,1.0,0.0,1235.0,1510.75,1260.0,1632.25,1235.0,1510.75,1260.0,1632.25,124.04535460870754
326,2,5890,23861,20.441967269268112,1,1.0,0.0,1248.6666666666667,387.3333333333333,1261.0,372.0,1248.6666666666667,387.3333333333333,1261.0,372.0,19.677962857527195
327,2,5890,5908,65.53630408613745,2,1.0,0.0,1248.6666666666667,387.3333333333333,1277.1666666666667,440.1666666666667,1248.6666666666667,387.3333333333333,1277.1666666666667,440.1666666666667,60.030085050007344
328,23,5891,23903,22.57842712474619,1,1.0,0.0,1260.0,1632.25,1262.0,1654.0,1260.0,1632.25,1262.0,1654.0,21.84176046018269
329,23,5891,5934,30.10219668601475,2,1.0,0.0,1260.0,1632.25,1287.75,1626.0,1260.0,1632.25,1287.75,1626.0,28.445122604763018
330,2,5901,6291,186.39429570851215,2,1.0,0.0,1265.6666666666667,1237.3333333333333,1318.6666666666667,1097.6666666666667,1265.6666666666667,1237.3333333333333,1318.6666666666667,1097.6666666666667,149.38466379711718
331,2,5901,24285,40.67023591967479,1,1.0,0.0,1265.6666666666667,1237.3333333333333,1278.0,1273.0,1265.6666666666667,1237.3333333333333,1278.0,1273.0,37.73886885191746
332,2,5901,6244,65.8420931126248,2,1.0,0.0,1265.6666666666667,1237.3333333333333,1308.0,1195.75,1265.6666666666667,1237.3333333333333,1308.0,1195.75,59.34041390336108
333,2,5908,24943,34.12250230844961,1,1.0,0.0,1277.1666666666667,440.1666666666667,1300.0,416.0,1277.1666666666667,440.1666666666667,1300.0,416.0,33.24738920409972
334,2,5908,6414,166.51779477996445,2,1.0,0.0,1277.1666666666667,440.1666666666667,1368.6666666666667,533.6666666666666,1277.1666666666667,440.1666666666667,1368.6666666666667,533.6666666666666,130.82239869380163
335,25,5920,24521,63.78511301977568,1,1.0,0.0,1285.3333333333333,1799.6666666666667,1285.0,1860.0,1285.3333333333333,1799.6666666666667,1285.0,1860.0,60.33425413661971
336,25,5920,18796,399.9027753390284,1,1.0,0.0,1285.3333333333333,1799.6666666666667,1019.0,1585.0,1285.3333333333333,1799.6666666666667,1019.0,1585.0,342.0748780928267
337,25,5920,27353,232.2509717234185,1,1.0,0.0,1285.3333333333333,1799.6666666666667,1414.0,1951.0,1285.3333333333333,1799.6666666666667,1414.0,1951.0,198.637581763595
338,23,5934,6379,161.51282421556485,2,1.0,0.0,1287.75,1626.0,1331.0,1492.0,1287.75,1626.0,1331.0,1492.0,140.80682689415312
339,23,5934,24767,9.015349532506532,1,1.0,0.0,1287.75,1626.0,1293.0,1633.0,1287.75,1626.0,1293.0,1633.0,8.75
340,26,5935,6156,150.78125074725492,2,1.0,0.0,1289.3333333333333,864.3333333333334,1304.3333333333333,741.3333333333334,1289.3333333333333,864.3333333333334,1304.3333333333333,741.3333333333334,123.9112585683803
341,26,5935,22826,166.59411747392596,1,1.0,0.0,1289.3333333333333,864.3333333333334,1210.0,997.0,1289.3333333333333,864.3333333333334,1210.0,997.0,154.57756053910995
342,26,5935,6550,264.96502097032834,2,1.0,0.0,1289.3333333333333,864.3333333333334,1406.25,656.0,1289.3333333333333,864.3333333333334,1406.25,656.0,238.89806345431572
343,27,6137,23992,28.798989873223338,1,1.0,0.0,1289.0,1705.0,1267.0,1690.0,1289.0,1705.0,1267.0,1690.0,26.627053911388696
344,27,6137,24734,23.242640687119287,1,1.0,0.0,1289.0,1705.0,1292.0,1727.0,1289.0,1705.0,1292.0,1727.0,22.20360331117452
345,27,6137,25159,31.970562748477146,1,1.0,0.0,1289.0,1705.0,1309.0,1686.0,1289.0,1705.0,1309.0,1686.0,27.586228448267445
346,23,6138,24411,49.34146220587972,1,1.0,0.0,1302.3333333333333,1481.6666666666667,1283.0,1523.0,1302.3333333333333,1481.6666666666667,1283.0,1523.0,45.63137322306017
347,23,6138,24016,64.05501223052501,1,1.0,0.0,1302.3333333333333,1481.6666666666667,1268.0,1437.0,1302.3333333333333,1481.6666666666667,1268.0,1437.0,56.33727796840109
348,23,6138,6379,32.84180879492861,2,1.0,0.0,1302.3333333333333,1481.6666666666667,1331.0,1492.0,1302.3333333333333,1481.6666666666667,1331.0,1492.0,30.47220956142758
349,26,6156,24091,70.06938426723764,1,1.0,0.0,1304.3333333333333,741.3333333333334,1271.0,692.0,1304.3333333333333,741.3333333333334,1271.0,692.0,59.53896949804294
350,26,6156,6290,51.54148196612618,2,1.0,0.0,1304.3333333333333,741.3333333333334,1316.6666666666667,700.3333333333334,1304.3333333333333,741.3333333333334,1316.6666666666667,700.3333333333334,42.81484685376225
351,2,6161,19451,352.6295090390239,1,1.0,0.0,1306.0,1336.0,1049.0,1540.0,1306.0,1336.0,1049.0,1540.0,328.12345237730267
352,2,6161,6549,173.936074863071,2,1.0,0.0,1306.0,1336.0,1402.0,1203.0,1306.0,1336.0,1402.0,1203.0,164.02743672934722
353,2,6161,26267,77.18376618407355,1,1.0,0.0,1306.0,1336.0,1366.0,1363.0,1306.0,1336.0,1366.0,1363.0,65.79513659838392
354,2,6244,25148,7.164213562373095,1,1.0,0.0,1308.0,1195.75,1309.0,1189.0,1308.0,1195.75,1309.0,1189.0,6.823672031978091
355,2,6244,25238,7.18692240776034,1,1.0,0.0,1308.0,1195.75,1314.0,1199.0,1308.0,1195.75,1314.0,1199.0,6.823672031978091
356,26,6290,24491,90.56078161700384,1,1.0,0.0,1316.6666666666667,700.3333333333334,1285.0,623.0,1316.6666666666667,700.3333333333334,1285.0,623.0,83.56567610102987
357,26,6290,25776,98.58410289299908,1,1.0,0.0,1316.6666666666667,700.3333333333334,1340.0,616.0,1316.6666666666667,700.3333333333334,1340.0,616.0,87.50174601432568
358,2,6291,6419,185.25434285167339,2,1.0,0.0,1318.6666666666667,1097.6666666666667,1390.0,954.75,1318.6666666666667,1097.6666666666667,1390.0,954.75,159.72982832131126
359,2,6291,6549,142.1942759482654,2,1.0,0.0,1318.6666666666667,1097.6666666666667,1402.0,1203.0,1318.6666666666667,1097.6666666666667,1402.0,1203.0,134.31141260352945
360,23,6379,25872,16.55634918610405,1,1.0,0.0,1331.0,1492.0,1342.0,1480.0,1331.0,1492.0,1342.0,1480.0,16.278820596099706
361,28,6412,25627,14.956685895029498,1,1.0,0.0,1338.3333333333333,1729.3333333333333,1332.0,1717.0,1338.3333333333333,1729.3333333333333,1332.0,1717.0,13.86442289539018
362,28,6412,25698,11.528100295943844,1,1.0,0.0,1338.3333333333333,1729.3333333333333,1336.0,1740.0,1338.3333333333333,1729.3333333333333,1336.0,1740.0,10.918892902772857
363,28,6412,6418,39.31932929124718,2,1.0,0.0,1338.3333333333333,1729.3333333333333,1374.6666666666667,1721.6666666666667,1338.3333333333333,1729.3333333333333,1374.6666666666667,1721.6666666666667,37.133393177689776
364,2,6413,7031,171.63792676216138,2,1.0,0.0,1344.6666666666667,2020.3333333333333,1485.0,2043.0,1344.6666666666667,2020.3333333333333,1485.0,2043.0,142.15210945400074
365,2,6413,26077,22.205442557676438,1,1.0,0.0,1344.6666666666667,2020.3333333333333,1351.0,2040.0,1344.6666666666667,2020.3333333333333,1351.0,2040.0,20.661289623082364
366,2,6414,26487,26.03386968242254,1,1.0,0.0,1368.6666666666667,533.6666666666666,1377.0,511.0,1368.6666666666667,533.6666666666666,1377.0,511.0,24.149994248906545
367,2,6414,7030,157.98226087403177,2,1.0,0.0,1368.6666666666667,533.6666666666666,1477.6666666666667,557.6666666666666,1368.6666666666667,533.6666666666666,1477.6666666666667,557.6666666666666,111.61093136427094
368,28,6418,26318,43.770740983063114,1,1.0,0.0,1374.6666666666667,1721.6666666666667,1370.0,1680.0,1374.6666666666667,1721.6666666666667,1370.0,1680.0,41.927185558881675
369,28,6418,6448,42.628889677028404,2,1.0,0.0,1374.6666666666667,1721.6666666666667,1390.25,1758.0,1374.6666666666667,1721.6666666666667,1390.25,1758.0,39.53418000779681
370,2,6419,6717,68.07709016916715,2,1.0,0.0,1390.0,954.75,1415.6666666666667,902.6666666666666,1390.0,954.75,1415.6666666666667,902.6666666666666,58.06420057909087
371,2,6419,26904,63.29983568453652,1,1.0,0.0,1390.0,954.75,1393.0,1007.0,1390.0,954.75,1393.0,1007.0,52.33605353864581
372,28,6448,26513,22.329058031491297,1,1.0,0.0,1390.25,1758.0,1377.0,1775.0,1390.25,1758.0,1377.0,1775.0,21.553711977290593
373,28,6448,27267,18.57842712474619,1,1.0,0.0,1390.25,1758.0,1408.0,1760.0,1390.25,1758.0,1408.0,1760.0,17.86232067789625
374,29,6512,26668,19.84377665725272,1,1.0,0.0,1392.0,1326.75,1384.0,1343.0,1392.0,1326.75,1384.0,1343.0,18.112495686679956
375,29,6512,26908,10.164213562373096,1,1.0,0.0,1392.0,1326.75,1393.0,1317.0,1392.0,1326.75,1393.0,1317.0,9.80114789195633
376,29,6512,6749,38.95787829539157,2,1.0,0.0,1392.0,1326.75,1429.6666666666667,1330.3333333333333,1392.0,1326.75,1429.6666666666667,1330.3333333333333,37.83672892251074
377,2,6549,7129,254.92001928173084,2,1.0,0.0,1402.0,1203.0,1529.3333333333333,1008.3333333333334,1402.0,1203.0,1529.3333333333333,1008.3333333333334,232.6131743665626
378,26,6550,27023,26.08641734437201,1,1.0,0.0,1406.25,656.0,1398.0,634.0,1406.25,656.0,1398.0,634.0,23.49601029962321
379,26,6550,27372,10.992640687119286,1,1.0,0.0,1406.25,656.0,1416.0,653.0,1406.25,656.0,1416.0,653.0,10.201102881551583
380,2,6717,28294,107.85400210374819,1,1.0,0.0,1415.6666666666667,902.6666666666666,1463.0,819.0,1415.6666666666667,902.6666666666666,1463.0,819.0,96.12780844040678
381,2,6717,6750,23.99055557745228,2,1.0,0.0,1415.6666666666667,902.6666666666666,1430.6666666666667,920.3333333333334,1415.6666666666667,902.6666666666666,1430.6666666666667,920.3333333333334,23.175657727691654
382,29,6749,6854,31.372091857764673,2,1.0,0.0,1429.6666666666667,1330.3333333333333,1434.25,1360.0,1429.6666666666667,1330.3333333333333,1434.25,1360.0,30.018628475590944
383,29,6749,27602,4.88561808316402,1,1.0,0.0,1429.6666666666667,1330.3333333333333,1431.0,1326.0,1429.6666666666667,1330.3333333333333,1431.0,1326.0,4.53382350291172
384,2,6750,27565,11.20926849808459,1,1.0,0.0,1430.6666666666667,920.3333333333334,1429.0,931.0,1430.6666666666667,920.3333333333334,1429.0,931.0,10.796089827134406
385,2,6750,27631,2.8856180831640996,1,1.0,0.0,1430.6666666666667,920.3333333333334,1433.0,919.0,1430.6666666666667,920.3333333333334,1433.0,919.0,2.687419249432803
386,29,6854,27018,72.37068859183388,1,1.0,0.0,1434.25,1360.0,1397.0,1411.0,1434.25,1360.0,1397.0,1411.0,63.15506709678963
387,29,6854,7119,77.30634918610403,2,1.0,0.0,1434.25,1360.0,1507.0,1369.0,1434.25,1360.0,1507.0,1369.0,73.3045871688805
388,30,6883,27710,7.9628018705571515,1,1.0,0.0,1445.6666666666667,1435.6666666666667,1439.0,1439.0,1445.6666666666667,1435.6666666666667,1439.0,1439.0,7.4535599249993325
389,30,6883,27792,18.113886733570748,1,1.0,0.0,1445.6666666666667,1435.6666666666667,1445.0,1418.0,1445.6666666666667,1435.6666666666667,1445.0,1418.0,17.679240808234905
390,30,6883,6894,172.82674358011832,2,1.0,0.0,1445.6666666666667,1435.6666666666667,1451.0,1598.0,1445.6666666666667,1435.6666666666667,1451.0,1598.0,162.42092092940348
391,30,6893,27739,291.4074834228621,1,1.0,0.0,1446.0,1641.75,1441.0,1852.0,1446.0,1641.75,1441.0,1852.0,210.30944462862337
392,30,6893,6894,45.82106781186546,2,1.0,0.0,1446.0,1641.75,1451.0,1598.0,1446.0,1641.75,1451.0,1598.0,44.034787384521344
393,30,6893,7101,86.16253405674456,2,1.0,0.0,1446.0,1641.75,1504.75,1694.0,1446.0,1641.75,1504.75,1694.0,78.62331079266505
394,30,6894,7338,100.37090349640195,2,1.0,0.0,1451.0,1598.0,1541.0,1580.75,1451.0,1598.0,1541.0,1580.75,91.6382152816171
395,31,6895,27834,21.970562748477146,1,1.0,0.0,1460.0,1901.0,1446.0,1886.0,1460.0,1901.0,1446.0,1886.0,20.518284528683193
396,31,6895,28148,27.65685424949238,1,1.0,0.0,1460.0,1901.0,1456.0,1927.0,1460.0,1901.0,1456.0,1927.0,26.30589287593181
397,31,6895,7093,45.406854249492376,2,1.0,0.0,1460.0,1901.0,1503.75,1905.0,1460.0,1901.0,1503.75,1905.0,43.93247659761512
398,29,6987,27733,22.356527420690036,1,1.0,0.0,1461.6666666666667,1285.3333333333333,1441.0,1289.0,1461.6666666666667,1285.3333333333333,1441.0,1289.0,20.98941532190831
399,29,6987,7119,191.7384318255498,2,1.0,0.0,1461.6666666666667,1285.3333333333333,1507.0,1369.0,1461.6666666666667,1285.3333333333333,1507.0,1369.0,95.15893138440673
400,29,6987,28364,10.205442557676436,1,1.0,0.0,1461.6666666666667,1285.3333333333333,1468.0,1293.0,1461.6666666666667,1285.3333333333333,1468.0,1293.0,9.944289260117541
401,2,7030,28816,34.91287660679397,1,1.0,0.0,1477.6666666666667,557.6666666666666,1493.0,529.0,1477.6666666666667,557.6666666666666,1493.0,529.0,32.50982757396422
402,2,7030,7071,137.29814810090937,2,1.0,0.0,1477.6666666666667,557.6666666666666,1503.3333333333333,684.3333333333334,1477.6666666666667,557.6666666666666,1503.3333333333333,684.3333333333334,129.24094638396235
403,2,7031,8475,239.93944195232663,2,1.0,0.0,1485.0,2043.0,1691.3333333333333,1981.6666666666667,1485.0,2043.0,1691.3333333333333,1981.6666666666667,215.25617812788136
404,2,7031,28857,15.727922061357859,1,1.0,0.0,1485.0,2043.0,1494.0,2055.0,1485.0,2043.0,1494.0,2055.0,15.0
405,32,7032,28472,22.235281374238575,1,1.0,0.0,1496.75,1172.0,1477.0,1166.0,1496.75,1172.0,1477.0,1166.0,20.641281452468014
406,32,7032,29035,14.772708845387246,1,1.0,0.0,1496.75,1172.0,1499.0,1158.0,1496.75,1172.0,1499.0,1158.0,14.179650912487233
407,32,7032,30166,68.02754284132624,1,1.0,0.0,1496.75,1172.0,1544.0,1213.0,1496.75,1172.0,1544.0,1213.0,62.55847264759586
408,2,7070,27706,67.5902188685267,1,1.0,0.0,1498.6666666666667,700.6666666666666,1439.0,720.0,1498.6666666666667,700.6666666666666,1439.0,720.0,62.7207213677338
409,2,7070,7071,18.076688604127703,2,1.0,0.0,1498.6666666666667,700.6666666666666,1503.3333333333333,684.3333333333334,1498.6666666666667,700.6666666666666,1503.3333333333333,684.3333333333334,16.98692307498776
410,2,7070,28803,57.85618083164121,1,1.0,0.0,1498.6666666666667,700.6666666666666,1492.0,753.0,1498.6666666666667,700.6666666666666,1492.0,753.0,52.75625292059916
411,2,7071,7397,77.27810029594387,2,1.0,0.0,1503.3333333333333,684.3333333333334,1579.75,682.0,1503.3333333333333,684.3333333333334,1579.75,682.0,76.45228177686327
412,31,7093,29668,61.40034074792484,1,1.0,0.0,1503.75,1905.0,1517.0,1849.0,1503.75,1905.0,1517.0,1849.0,57.54617711021298
413,31,7093,29123,52.6722037819989,1,1.0,0.0,1503.75,1905.0,1501.0,1954.0,1503.75,1905.0,1501.0,1954.0,49.077107697988886
414,2,7100,7109,154.48971380513822,2,1.0,0.0,1504.0,951.0,1505.6666666666667,807.3333333333334,1504.0,951.0,1505.6666666666667,807.3333333333334,143.67633378148565
415,2,7100,7129,70.16988933062596,2,1.0,0.0,1504.0,951.0,1529.3333333333333,1008.3333333333334,1504.0,951.0,1529.3333333333333,1008.3333333333334,62.68084945889685
416,2,7100,30412,136.22539674441612,1,1.0,0.0,1504.0,951.0,1557.0,844.0,1504.0,951.0,1557.0,844.0,119.40686747419514
417,30,7101,7130,51.17086682641989,2,1.0,0.0,1504.75,1694.0,1530.3333333333333,1654.3333333333333,1504.75,1694.0,1530.3333333333333,1654.3333333333333,47.20117995229453
418,30,7101,7396,86.35681577738563,2,1.0,0.0,1504.75,1694.0,1570.75,1740.0,1504.75,1694.0,1570.75,1740.0,80.44874144447506
419,2,7109,28458,31.770740983063156,1,1.0,0.0,1505.6666666666667,807.3333333333334,1476.0,812.0,1505.6666666666667,807.3333333333334,1476.0,812.0,30.031464980731343
420,2,7109,7484,120.75378135805622,2,1.0,0.0,1505.6666666666667,807.3333333333334,1588.0,729.75,1505.6666666666667,807.3333333333334,1588.0,729.75,113.12803096000957
421,29,7119,29078,170.98275605729694,1,1.0,0.0,1507.0,1369.0,1500.0,1523.0,1507.0,1369.0,1500.0,1523.0,154.1590088188167
422,2,7129,8474,244.17604163903283,2,1.0,0.0,1529.3333333333333,1008.3333333333334,1679.6666666666667,840.6666666666666,1529.3333333333333,1008.3333333333334,1679.6666666666667,840.6666666666666,225.19374374574062
423,30,7130,29881,7.542472332656399,1,1.0,0.0,1530.3333333333333,1654.3333333333333,1525.0,1649.0,1530.3333333333333,1654.3333333333333,1525.0,1649.0,7.542472332656399
424,30,7130,7339,35.46343277730226,2,1.0,0.0,1530.3333333333333,1654.3333333333333,1560.0,1639.75,1530.3333333333333,1654.3333333333333,1560.0,1639.75,33.05729453875838
425,30,7338,7414,151.89656805463076,2,1.0,0.0,1541.0,1580.75,1579.6666666666667,1451.6666666666667,1541.0,1580.75,1579.6666666666667,1451.6666666666667,134.75020614290554
426,30,7338,7606,63.758836030938994,2,1.0,0.0,1541.0,1580.75,1595.25,1567.0,1541.0,1580.75,1595.25,1567.0,55.96539109128069
427,30,7339,30427,18.84399156182083,1,1.0,0.0,1560.0,1639.75,1557.0,1622.0,1560.0,1639.75,1557.0,1622.0,18.001736027394692
428,30,7339,30613,9.601135970133438,1,1.0,0.0,1560.0,1639.75,1568.0,1644.0,1560.0,1639.75,1568.0,1644.0,9.058835465996719
429,33,7359,30178,18.67241868656702,1,1.0,0.0,1560.75,1826.0,1544.0,1821.0,1560.75,1826.0,1544.0,1821.0,17.48034610641334
430,33,7359,30603,69.81455431029795,1,1.0,0.0,1560.75,1826.0,1567.0,1890.0,1560.75,1826.0,1567.0,1890.0,64.30445163439309
431,33,7359,30615,16.843776657252725,1,1.0,0.0,1560.75,1826.0,1568.0,1812.0,1560.75,1826.0,1568.0,1812.0,15.765865025427562
432,30,7396,8505,239.9024345223545,2,1.0,0.0,1570.75,1740.0,1698.75,1638.0,1570.75,1740.0,1698.75,1638.0,163.67040050051813
433,30,7396,8088,81.62889371602779,2,1.0,0.0,1570.75,1740.0,1633.75,1779.0,1570.75,1740.0,1633.75,1779.0,74.09453421137081
434,2,7397,7484,50.93062381076093,2,1.0,0.0,1579.75,682.0,1588.0,729.75,1579.75,682.0,1588.0,729.75,48.457455566713364
435,2,7397,31292,23.329058031491297,1,1.0,0.0,1579.75,682.0,1593.0,664.0,1579.75,682.0,1593.0,664.0,22.350894836672648
436,30,7398,30306,32.01338167018242,1,1.0,0.0,1579.6666666666667,1141.3333333333333,1551.0,1133.0,1579.6666666666667,1141.3333333333333,1551.0,1133.0,29.853345243409915
437,30,7398,7624,38.05550741378994,2,1.0,0.0,1579.6666666666667,1141.3333333333333,1604.3333333333333,1114.6666666666667,1579.6666666666667,1141.3333333333333,1604.3333333333333,1114.6666666666667,36.32568726886719
438,30,7398,7469,65.36965612004953,2,1.0,0.0,1579.6666666666667,1141.3333333333333,1585.0,1203.75,1579.6666666666667,1141.3333333333333,1585.0,1203.75,62.64411163247693
439,30,7414,7485,52.31321331571952,2,1.0,0.0,1579.6666666666667,1451.6666666666667,1590.3333333333333,1403.6666666666667,1579.6666666666667,1451.6666666666667,1590.3333333333333,1403.6666666666667,49.1709037722287
440,30,7414,8066,61.80923662771825,2,1.0,0.0,1579.6666666666667,1451.6666666666667,1613.0,1496.8,1579.6666666666667,1451.6666666666667,1613.0,1496.8,56.10818914284147
441,30,7469,30758,11.672418686567017,1,1.0,0.0,1585.0,1203.75,1575.0,1208.0,1585.0,1203.75,1575.0,1208.0,10.865656906050365
442,30,7469,7623,27.043103239401507,2,1.0,0.0,1585.0,1203.75,1602.3333333333333,1223.3333333333333,1585.0,1203.75,1602.3333333333333,1223.3333333333333,26.1524642985873
443,2,7484,8850,266.7934480950749,2,1.0,0.0,1588.0,729.75,1790.6666666666667,604.6666666666666,1588.0,729.75,1790.6666666666667,604.6666666666666,238.1588084777794
444,30,7485,7623,202.5242380234234,2,1.0,0.0,1590.3333333333333,1403.6666666666667,1602.3333333333333,1223.3333333333333,1590.3333333333333,1403.6666666666667,1602.3333333333333,1223.3333333333333,180.732152953234
445,30,7485,8067,46.685585452181314,2,1.0,0.0,1590.3333333333333,1403.6666666666667,1630.0,1421.25,1590.3333333333333,1403.6666666666667,1630.0,1421.25,43.38914674841577
446,30,7606,31237,30.015349532506534,1,1.0,0.0,1595.25,1567.0,1590.0,1539.0,1595.25,1567.0,1590.0,1539.0,28.487936043174486
447,30,7606,8799,337.4539439401446,2,1.0,0.0,1595.25,1567.0,1750.6666666666667,1343.6666666666667,1595.25,1567.0,1750.6666666666667,1343.6666666666667,272.08843793067643
448,30,7623,31901,27.276510369541917,1,1.0,0.0,1602.3333333333333,1223.3333333333333,1625.0,1212.0,1602.3333333333333,1223.3333333333333,1625.0,1212.0,25.34210374499765
449,30,7624,31832,59.84180879492858,1,1.0,0.0,1604.3333333333333,1114.6666666666667,1619.0,1064.0,1604.3333333333333,1114.6666666666667,1619.0,1064.0,52.74677451960671
450,30,7624,8434,50.2482614793817,2,1.0,0.0,1604.3333333333333,1114.6666666666667,1653.6666666666667,1117.3333333333333,1604.3333333333333,1114.6666666666667,1653.6666666666667,1117.3333333333333,49.40535283639723
451,30,8066,31733,5.61421356237314,1,1.0,0.0,1613.0,1496.8,1614.0,1502.0,1613.0,1496.8,1614.0,1502.0,5.295280917949535
452,30,8066,31860,10.347579058907092,1,1.0,0.0,1613.0,1496.8,1621.0,1491.0,1613.0,1496.8,1621.0,1491.0,9.881295461628474
453,30,8067,32134,57.791630560342604,1,1.0,0.0,1630.0,1421.25,1637.0,1472.0,1630.0,1421.25,1637.0,1472.0,51.23048408906556
454,30,8067,8433,114.82772107591227,2,1.0,0.0,1630.0,1421.25,1642.3333333333333,1318.3333333333333,1630.0,1421.25,1642.3333333333333,1318.3333333333333,103.65303366949229
455,30,8088,8360,15.957878295391579,2,1.0,0.0,1633.75,1779.0,1637.3333333333333,1793.6666666666667,1633.75,1779.0,1637.3333333333333,1793.6666666666667,15.098059109994587
456,30,8088,32803,75.19911571658007,1,1.0,0.0,1633.75,1779.0,1666.0,1717.0,1633.75,1779.0,1666.0,1717.0,69.88606799641829
457,30,8360,31955,63.44196726926805,1,1.0,0.0,1637.3333333333333,1793.6666666666667,1629.0,1852.0,1637.3333333333333,1793.6666666666667,1629.0,1852.0,58.92556509887887
458,30,8360,32731,28.77074098306313,1,1.0,0.0,1637.3333333333333,1793.6666666666667,1664.0,1797.0,1637.3333333333333,1793.6666666666667,1664.0,1797.0,26.874192494328565
459,30,8433,31922,33.85618083164116,1,1.0,0.0,1642.3333333333333,1318.3333333333333,1627.0,1292.0,1642.3333333333333,1318.3333333333333,1627.0,1292.0,30.47220956142743
460,30,8433,8473,30.51139017874121,2,1.0,0.0,1642.3333333333333,1318.3333333333333,1670.6666666666667,1312.6666666666667,1642.3333333333333,1318.3333333333333,1670.6666666666667,1312.6666666666667,28.894443910359232
461,30,8434,32302,44.427595232555504,1,1.0,0.0,1653.6666666666667,1117.3333333333333,1645.0,1158.0,1653.6666666666667,1117.3333333333333,1645.0,1158.0,41.57990967870056
462,30,8434,8444,4.299831645537115,2,1.0,0.0,1653.6666666666667,1117.3333333333333,1656.0,1114.0,1653.6666666666667,1117.3333333333333,1656.0,1114.0,4.068851871911129
463,30,8444,32438,22.071067811865476,1,1.0,0.0,1656.0,1114.0,1651.0,1094.0,1656.0,1114.0,1651.0,1094.0,20.615528128088304
464,30,8444,8477,39.356527420690036,2,1.0,0.0,1656.0,1114.0,1693.6666666666667,1109.6666666666667,1656.0,1114.0,1693.6666666666667,1109.6666666666667,37.9151098581497
465,2,8464,32141,24.94231385831694,1,1.0,0.0,1660.6666666666667,1902.3333333333333,1637.0,1901.0,1660.6666666666667,1902.3333333333333,1637.0,1901.0,23.704195596748107
466,2,8464,8475,91.82575321358811,2,1.0,0.0,1660.6666666666667,1902.3333333333333,1691.3333333333333,1981.6666666666667,1660.6666666666667,1902.3333333333333,1691.3333333333333,1981.6666666666667,85.05423106596307
467,2,8464,8478,42.81898270219831,2,1.0,0.0,1660.6666666666667,1902.3333333333333,1693.6666666666667,1882.6666666666667,1660.6666666666667,1902.3333333333333,1693.6666666666667,1882.6666666666667,38.41585320903041
468,30,8473,32969,115.15551729391333,1,1.0,0.0,1670.6666666666667,1312.6666666666667,1673.0,1205.0,1670.6666666666667,1312.6666666666667,1673.0,1205.0,107.6919474963452
469,30,8473,33071,14.613540144521878,1,1.0,0.0,1670.6666666666667,1312.6666666666667,1681.0,1323.0,1670.6666666666667,1312.6666666666667,1681.0,1323.0,14.613540144521874
470,2,8474,33970,114.16771060273292,1,1.0,0.0,1679.6666666666667,840.6666666666666,1727.0,746.0,1679.6666666666667,840.6666666666666,1727.0,746.0,105.84055093498998
471,2,8474,8708,34.386248989909205,2,1.0,0.0,1679.6666666666667,840.6666666666666,1708.25,854.0,1679.6666666666667,840.6666666666666,1708.25,854.0,31.540208024396716
472,2,8475,33652,20.528100295943844,1,1.0,0.0,1691.3333333333333,1981.6666666666667,1711.0,1984.0,1691.3333333333333,1981.6666666666667,1711.0,1984.0,19.804601036683998
473,30,8477,34113,71.29765291764427,1,1.0,0.0,1693.6666666666667,1109.6666666666667,1733.0,1061.0,1693.6666666666667,1109.6666666666667,1733.0,1061.0,62.57440016137235
474,30,8477,8807,157.02585929669837,2,1.0,0.0,1693.6666666666667,1109.6666666666667,1764.0,1230.25,1693.6666666666667,1109.6666666666667,1764.0,1230.25,139.59626805740734
475,2,8478,8954,169.26653212149373,2,1.0,0.0,1693.6666666666667,1882.6666666666667,1818.3333333333333,1800.6666666666667,1693.6666666666667,1882.6666666666667,1818.3333333333333,1800.6666666666667,149.2172167605928
476,2,8478,33496,13.785113019775686,1,1.0,0.0,1693.6666666666667,1882.6666666666667,1704.0,1891.0,1693.6666666666667,1882.6666666666667,1704.0,1891.0,13.274871834493144
477,30,8505,8709,137.27039843301367,2,1.0,0.0,1698.75,1638.0,1709.0,1762.0,1698.75,1638.0,1709.0,1762.0,124.42291790502263
478,30,8505,33522,17.42956309487963,1,1.0,0.0,1698.75,1638.0,1705.0,1623.0,1698.75,1638.0,1705.0,1623.0,16.25
479,30,8675,33344,11.429563094879628,1,1.0,0.0,1705.25,1347.0,1699.0,1338.0,1705.25,1347.0,1699.0,1338.0,10.957303500405564
480,30,8675,33383,56.74348649843248,1,1.0,0.0,1705.25,1347.0,1700.0,1400.0,1705.25,1347.0,1700.0,1400.0,53.25938884365836
481,30,8675,8799,46.69231385831693,2,1.0,0.0,1705.25,1347.0,1750.6666666666667,1343.6666666666667,1705.25,1347.0,1750.6666666666667,1343.6666666666667,45.538826535410735
482,2,8708,33502,14.258205124193923,1,1.0,0.0,1708.25,854.0,1705.0,867.0,1708.25,854.0,1705.0,867.0,13.400093283257396
483,2,8708,33792,11.164213562373096,1,1.0,0.0,1708.25,854.0,1719.0,855.0,1708.25,854.0,1719.0,855.0,10.796411440844592
484,30,8709,33280,29.970562748477146,1,1.0,0.0,1709.0,1762.0,1696.0,1786.0,1709.0,1762.0,1696.0,1786.0,27.294688127912362
485,30,8709,34240,41.727922061357845,1,1.0,0.0,1709.0,1762.0,1744.0,1760.0,1709.0,1762.0,1744.0,1760.0,35.05709628591621
486,30,8799,34235,49.42759523255549,1,1.0,0.0,1750.6666666666667,1343.6666666666667,1744.0,1298.0,1750.6666666666667,1343.6666666666667,1744.0,1298.0,46.15071926729741
487,2,8800,34752,182.89781543098314,1,1.0,0.0,1752.0,1547.75,1771.0,1684.0,1752.0,1547.75,1771.0,1684.0,137.5683920819023
488,2,8800,34397,84.30634918610403,1,1.0,0.0,1752.0,1547.75,1751.0,1468.0,1752.0,1547.75,1751.0,1468.0,79.75626934605204
489,2,8800,8801,3.7152376082722913,2,1.0,0.0,1752.0,1547.75,1755.6666666666667,1547.6666666666667,1752.0,1547.75,1755.6666666666667,1547.6666666666667,3.667613514110972
490,2,8801,8953,75.44639970016779,2,1.0,0.0,1755.6666666666667,1547.6666666666667,1817.3333333333333,1514.6666666666667,1755.6666666666667,1547.6666666666667,1817.3333333333333,1514.6666666666667,69.94124518320902
491,2,8801,34962,49.31202495435685,1,1.0,0.0,1755.6666666666667,1547.6666666666667,1788.0,1583.0,1755.6666666666667,1547.6666666666667,1788.0,1583.0,47.89456011791818
492,30,8807,33603,89.19933062114816,1,1.0,0.0,1764.0,1230.25,1709.0,1281.0,1764.0,1230.25,1709.0,1281.0,74.83690600231947
493,30,8807,8973,70.19911571658004,2,1.0,0.0,1764.0,1230.25,1821.0,1198.0,1764.0,1230.25,1821.0,1198.0,65.49093448714868
494,2,8850,35178,33.86229680716873,1,1.0,0.0,1790.6666666666667,604.6666666666666,1801.0,575.0,1790.6666666666667,604.6666666666666,1801.0,575.0,31.414787742222373
495,2,8850,9106,285.712150797714,2,1.0,0.0,1790.6666666666667,604.6666666666666,1823.0,851.25,1790.6666666666667,604.6666666666666,1823.0,851.25,248.6941590030257
496,2,8953,9278,118.3981579810326,2,1.0,0.0,1817.3333333333333,1514.6666666666667,1856.0,1429.0,1817.3333333333333,1514.6666666666667,1856.0,1429.0,93.98877001476777
497,2,8953,35977,45.498663044420965,1,1.0,0.0,1817.3333333333333,1514.6666666666667,1857.0,1501.0,1817.3333333333333,1514.6666666666667,1857.0,1501.0,41.95500235040192
498,2,8954,9371,185.99162091909662,2,1.0,0.0,1818.3333333333333,1800.6666666666667,1882.3333333333333,1675.3333333333333,1818.3333333333333,1800.6666666666667,1882.3333333333333,1675.3333333333333,140.7282645542269
499,2,8954,35795,29.699673171197652,1,1.0,0.0,1818.3333333333333,1800.6666666666667,1848.0,1801.0,1818.3333333333333,1800.6666666666667,1848.0,1801.0,29.66853926674225
500,30,8973,35337,16.899494936611667,1,1.0,0.0,1821.0,1198.0,1814.0,1184.0,1821.0,1198.0,1814.0,1184.0,15.652475842498529
501,30,8973,9128,4.009975124224182,2,1.0,0.0,1821.0,1198.0,1825.0,1197.8,1821.0,1198.0,1825.0,1197.8,4.004996878900159
502,34,9065,9083,11.414213562373096,0,1.0,0.0,530.0,631.0,531.0,620.0,530.0,631.0,531.0,620.0,11.045361017187261
503,2,9106,9288,160.2421495428535,2,1.0,0.0,1823.0,851.25,1872.6666666666667,968.3333333333334,1823.0,851.25,1872.6666666666667,968.3333333333334,127.18209277340202
504,2,9106,35710,17.08641734437201,1,1.0,0.0,1823.0,851.25,1836.0,841.0,1823.0,851.25,1836.0,841.0,16.554833131143305
505,30,9128,35714,19.558744818449913,1,1.0,0.0,1825.0,1197.8,1836.0,1213.0,1825.0,1197.8,1836.0,1213.0,18.762729012593063
506,30,9128,35843,32.48971468263805,1,1.0,0.0,1825.0,1197.8,1851.0,1182.0,1825.0,1197.8,1851.0,1182.0,30.424332367366723
507,35,9223,9284,18.071067811865476,0,1.0,0.0,538.0,1849.0,541.0,1833.0,538.0,1849.0,541.0,1833.0,16.278820596099706
508,2,9265,35762,6.113886733570749,1,1.0,0.0,1849.6666666666667,1131.6666666666667,1844.0,1133.0,1849.6666666666667,1131.6666666666667,1844.0,1133.0,5.821416398857716
509,2,9265,9279,50.443159669630134,2,1.0,0.0,1849.6666666666667,1131.6666666666667,1859.25,1085.0,1849.6666666666667,1131.6666666666667,1859.25,1085.0,47.64050855685276
510,2,9265,9377,76.91948776558664,2,1.0,0.0,1849.6666666666667,1131.6666666666667,1922.6666666666667,1137.3333333333333,1849.6666666666667,1131.6666666666667,1922.6666666666667,1137.3333333333333,73.21960878829597
511,2,9278,9376,108.56854249492372,2,1.0,0.0,1856.0,1429.0,1896.0,1337.0,1856.0,1429.0,1896.0,1337.0,100.31948963187563
512,2,9278,9378,100.47119365522222,2,1.0,0.0,1856.0,1429.0,1945.25,1454.0,1856.0,1429.0,1945.25,1454.0,92.68528739773105
513,2,9279,9288,130.72721601252377,2,1.0,0.0,1859.25,1085.0,1872.6666666666667,968.3333333333334,1859.25,1085.0,1872.6666666666667,968.3333333333334,117.43559109382278
514,2,9279,36357,23.406854249492383,1,1.0,0.0,1859.25,1085.0,1881.0,1081.0,1859.25,1085.0,1881.0,1081.0,22.114757516192665
515,2,9288,36440,26.098821518760534,1,1.0,0.0,1872.6666666666667,968.3333333333334,1889.0,949.0,1872.6666666666667,968.3333333333334,1889.0,949.0,25.309199030304267
516,2,9371,9378,272.36395441332326,2,1.0,0.0,1882.3333333333333,1675.3333333333333,1945.25,1454.0,1882.3333333333333,1675.3333333333333,1945.25,1454.0,230.1020455990969
517,2,9371,36640,27.11388673357075,1,1.0,0.0,1882.3333333333333,1675.3333333333333,1909.0,1674.0,1882.3333333333333,1675.3333333333333,1909.0,1674.0,26.699979192667787
518,2,9376,9377,255.73625309765728,2,1.0,0.0,1896.0,1337.0,1922.6666666666667,1137.3333333333333,1896.0,1337.0,1922.6666666666667,1137.3333333333333,201.43954152273312
519,2,9376,36688,25.798989873223338,1,1.0,0.0,1896.0,1337.0,1916.0,1323.0,1896.0,1337.0,1916.0,1323.0,24.413111231467404
520,2,9377,36851,27.51303508113355,1,1.0,0.0,1922.6666666666667,1137.3333333333333,1942.0,1119.0,1922.6666666666667,1137.3333333333333,1942.0,1119.0,26.643740144523314
521,2,9378,36889,26.500845811313212,1,1.0,0.0,1945.25,1454.0,1969.0,1447.0,1945.25,1454.0,1969.0,1447.0,24.760098949721506
522,57,10029,10095,69.76955262170046,0,1.0,0.0,573.0,1820.0,576.0,1762.0,573.0,1820.0,576.0,1762.0,58.077534382926416
523,74,10953,10986,10.414213562373096,0,1.0,0.0,613.0,1746.0,614.0,1756.0,613.0,1746.0,614.0,1756.0,10.04987562112089
524,82,11061,11181,10.071067811865476,0,1.0,0.0,617.0,1208.0,625.0,1213.0,617.0,1208.0,625.0,1213.0,9.433981132056603
525,112,12156,12283,7.414213562373095,0,1.0,0.0,666.0,2064.0,672.0,2062.0,666.0,2064.0,672.0,2062.0,6.324555320336759
526,126,12674,13216,28.62741699796953,0,1.0,0.0,691.0,1365.0,707.0,1343.0,691.0,1365.0,707.0,1343.0,27.202941017470888
527,144,13035,13088,3.8284271247461903,0,1.0,0.0,699.0,2046.0,701.0,2043.0,699.0,2046.0,701.0,2043.0,3.605551275463989
528,150,13381,13398,1.4142135623730951,0,1.0,0.0,717.0,2032.0,718.0,2031.0,717.0,2032.0,718.0,2031.0,1.4142135623730951
529,159,13730,13760,3.414213562373095,0,1.0,0.0,734.0,2015.0,735.0,2012.0,734.0,2015.0,735.0,2012.0,3.1622776601683795
530,164,13889,13975,6.242640687119285,0,1.0,0.0,741.0,1408.0,746.0,1405.0,741.0,1408.0,746.0,1405.0,5.830951894845301
531,166,14352,14505,12.071067811865476,0,1.0,0.0,763.0,1463.0,773.0,1466.0,763.0,1463.0,773.0,1466.0,10.44030650891055
532,172,14614,14980,26.798989873223338,0,1.0,0.0,779.0,1218.0,797.0,1201.0,779.0,1218.0,797.0,1201.0,24.758836806279895
533,177,15012,15013,1.0,0,1.0,0.0,800.0,1983.0,800.0,1984.0,800.0,1983.0,800.0,1984.0,1.0
534,185,15220,15274,6.414213562373095,0,1.0,0.0,812.0,1967.0,816.0,1964.0,812.0,1967.0,816.0,1964.0,5.0
535,190,15671,15832,83.08326112068518,0,1.0,0.0,835.0,1197.0,841.0,1128.0,835.0,1197.0,841.0,1128.0,69.26037828369117
536,199,15900,15915,1.0,0,1.0,0.0,845.0,1851.0,846.0,1851.0,845.0,1851.0,846.0,1851.0,1.0
537,210,16170,16248,3.0,0,1.0,0.0,860.0,1839.0,863.0,1839.0,860.0,1839.0,863.0,1839.0,3.0
538,214,16263,16592,23.384776310850242,0,1.0,0.0,864.0,1396.0,877.0,1414.0,864.0,1396.0,877.0,1414.0,22.20360331117452
539,215,16399,16528,38.071067811865476,0,1.0,0.0,869.0,1365.0,874.0,1329.0,869.0,1365.0,874.0,1329.0,36.345563690772494
540,216,16650,17597,156.46803743153544,0,1.0,0.0,881.0,1243.0,941.0,1155.0,881.0,1243.0,941.0,1155.0,106.50821564555478
541,218,16821,16830,9.0,0,1.0,0.0,893.0,1792.0,893.0,1801.0,893.0,1792.0,893.0,1801.0,9.0
542,219,16856,16869,13.0,0,1.0,0.0,895.0,1788.0,895.0,1801.0,895.0,1788.0,895.0,1801.0,13.0
543,224,17098,17190,18.071067811865476,0,1.0,0.0,917.0,721.0,922.0,737.0,917.0,721.0,922.0,737.0,16.76305461424021
544,225,17132,17514,28.798989873223338,0,1.0,0.0,919.0,1284.0,934.0,1306.0,919.0,1284.0,934.0,1306.0,26.627053911388696
545,228,17203,17526,49.55634918610403,0,1.0,0.0,922.0,1199.0,935.0,1240.0,922.0,1199.0,935.0,1240.0,43.01162633521314
546,230,17379,17413,64.31370849898474,0,1.0,0.0,925.0,975.0,927.0,914.0,925.0,975.0,927.0,914.0,61.032778078668514
547,231,17504,17715,36.87005768508881,0,1.0,0.0,934.0,474.0,953.0,503.0,934.0,474.0,953.0,503.0,34.66987164671943
548,232,17665,17696,6.242640687119285,0,1.0,0.0,948.0,1012.0,951.0,1007.0,948.0,1012.0,951.0,1007.0,5.830951894845301
549,233,17733,18245,90.6690475583121,0,1.0,0.0,955.0,559.0,986.0,632.0,955.0,559.0,986.0,632.0,79.30952023559341
550,237,17833,18039,18.55634918610405,0,1.0,0.0,962.0,881.0,976.0,892.0,962.0,881.0,976.0,892.0,17.804493814764857
551,238,17874,18137,39.79898987322333,0,1.0,0.0,965.0,800.0,982.0,831.0,965.0,800.0,982.0,831.0,35.35533905932738
552,242,18029,18032,3.0,0,1.0,0.0,975.0,1787.0,975.0,1790.0,975.0,1787.0,975.0,1790.0,3.0
553,248,18089,18091,2.0,0,1.0,0.0,979.0,1790.0,979.0,1792.0,979.0,1790.0,979.0,1792.0,2.0
554,249,18156,19009,92.6396103067892,0,1.0,0.0,983.0,452.0,1030.0,524.0,983.0,452.0,1030.0,524.0,85.98255637046388
555,250,18348,18353,5.0,0,1.0,0.0,991.0,1803.0,991.0,1808.0,991.0,1803.0,991.0,1808.0,5.0
556,251,18428,18433,5.0,0,1.0,0.0,994.0,1803.0,994.0,1808.0,994.0,1803.0,994.0,1808.0,5.0
557,252,18468,18472,4.0,0,1.0,0.0,996.0,1803.0,996.0,1807.0,996.0,1803.0,996.0,1807.0,4.0
558,253,18648,18651,3.0,0,1.0,0.0,1008.0,1811.0,1008.0,1814.0,1008.0,1811.0,1008.0,1814.0,3.0
559,254,18760,19634,328.22539674441646,0,1.0,0.0,1017.0,1513.0,1061.0,1203.0,1017.0,1513.0,1061.0,1203.0,313.10701046127986
560,255,18799,18848,10.828427124746192,0,1.0,0.0,1020.0,418.0,1022.0,428.0,1020.0,418.0,1022.0,428.0,10.198039027185569
561,256,18896,18925,4.414213562373095,0,1.0,0.0,1023.0,1829.0,1024.0,1833.0,1023.0,1829.0,1024.0,1833.0,4.123105625617661
562,257,18979,19025,5.82842712474619,0,1.0,0.0,1028.0,603.0,1031.0,599.0,1028.0,603.0,1031.0,599.0,5.0
563,264,19454,19472,2.0,0,1.0,0.0,1049.0,1855.0,1051.0,1855.0,1049.0,1855.0,1051.0,1855.0,2.0
564,265,19513,19516,7.82842712474619,0,1.0,0.0,1055.0,1861.0,1055.0,1868.0,1055.0,1861.0,1055.0,1868.0,7.0
565,266,19568,21323,197.1665222413706,0,1.0,0.0,1058.0,1150.0,1146.0,1075.0,1058.0,1150.0,1146.0,1075.0,115.62439189029277
566,267,19923,21250,76.18376618407353,0,1.0,0.0,1078.0,1429.0,1142.0,1405.0,1078.0,1429.0,1142.0,1405.0,68.35202996254024
567,268,20418,26115,405.67113959936665,0,1.0,0.0,1098.0,1162.0,1354.0,894.0,1098.0,1162.0,1354.0,894.0,370.62110031675206
568,269,20513,20544,6.414213562373095,0,1.0,0.0,1103.0,1957.0,1104.0,1963.0,1103.0,1957.0,1104.0,1963.0,6.082762530298219
569,275,20749,20886,17.899494936611667,0,1.0,0.0,1117.0,1282.0,1124.0,1267.0,1117.0,1282.0,1124.0,1267.0,16.55294535724685
570,276,20790,20812,6.414213562373095,0,1.0,0.0,1119.0,1993.0,1120.0,1999.0,1119.0,1993.0,1120.0,1999.0,6.082762530298219
571,277,20844,21263,56.69848480983497,0,1.0,0.0,1122.0,707.0,1143.0,659.0,1122.0,707.0,1143.0,659.0,52.392747589718944
572,278,20857,21821,62.74011537017757,0,1.0,0.0,1123.0,607.0,1168.0,567.0,1123.0,607.0,1168.0,567.0,60.207972893961475
573,279,20977,20993,9.242640687119284,0,1.0,0.0,1130.0,558.0,1131.0,550.0,1130.0,558.0,1131.0,550.0,8.06225774829855
574,284,21105,21199,15.242640687119287,0,1.0,0.0,1135.0,2034.0,1139.0,2047.0,1135.0,2034.0,1139.0,2047.0,13.601470508735444
575,285,21454,21552,11.242640687119287,0,1.0,0.0,1152.0,2069.0,1155.0,2079.0,1152.0,2069.0,1155.0,2079.0,10.44030650891055
576,288,21812,22151,26.313708498984766,0,1.0,0.0,1167.0,2094.0,1180.0,2112.0,1167.0,2094.0,1180.0,2112.0,22.20360331117452
577,298,22219,22535,21.899494936611667,0,1.0,0.0,1183.0,2114.0,1195.0,2128.0,1183.0,2114.0,1195.0,2128.0,18.439088914585774
578,299,22275,22441,17.485281374238575,0,1.0,0.0,1186.0,471.0,1192.0,456.0,1186.0,471.0,1192.0,456.0,16.15549442140351
579,304,22629,22919,24.313708498984763,0,1.0,0.0,1199.0,2130.0,1214.0,2144.0,1199.0,2130.0,1214.0,2144.0,20.518284528683193
580,308,23007,23080,22.48528137423857,0,1.0,0.0,1219.0,1150.0,1223.0,1130.0,1219.0,1150.0,1223.0,1130.0,20.396078054371138
581,340,24903,24961,3.82842712474619,0,1.0,0.0,1298.0,1403.0,1300.0,1406.0,1298.0,1403.0,1300.0,1406.0,3.605551275463989
582,359,25672,26476,237.50966799187833,0,1.0,0.0,1335.0,1650.0,1376.0,1452.0,1335.0,1650.0,1376.0,1452.0,202.20039564748632
583,363,25938,26167,28.384776310850242,0,1.0,0.0,1344.0,1398.0,1357.0,1421.0,1344.0,1398.0,1357.0,1421.0,26.419689627245813
584,367,26124,26131,7.0,0,1.0,0.0,1354.0,1914.0,1354.0,1921.0,1354.0,1914.0,1354.0,1921.0,7.0
585,386,26976,27179,8.82842712474619,0,1.0,0.0,1396.0,811.0,1404.0,809.0,1396.0,811.0,1404.0,809.0,8.246211251235321
586,388,27181,27231,9.242640687119286,0,1.0,0.0,1404.0,1110.0,1407.0,1118.0,1404.0,1110.0,1407.0,1118.0,8.54400374531753
587,393,27236,27284,2.414213562373095,0,1.0,0.0,1407.0,1803.0,1409.0,1802.0,1407.0,1803.0,1409.0,1802.0,2.23606797749979
588,394,27349,27440,5.656854249492381,0,1.0,0.0,1414.0,1449.0,1418.0,1445.0,1414.0,1449.0,1418.0,1445.0,5.656854249492381
589,398,27532,27663,15.242640687119286,0,1.0,0.0,1426.0,1046.0,1434.0,1055.0,1426.0,1046.0,1434.0,1055.0,12.041594578792296
590,409,27731,27803,10.071067811865476,0,1.0,0.0,1441.0,971.0,1446.0,979.0,1441.0,971.0,1446.0,979.0,9.433981132056603
591,420,28275,28276,1.0,0,1.0,0.0,1461.0,1960.0,1461.0,1961.0,1461.0,1960.0,1461.0,1961.0,1.0
592,450,29856,29903,17.071067811865476,0,1.0,0.0,1523.0,1788.0,1526.0,1773.0,1523.0,1788.0,1526.0,1773.0,15.297058540778355
593,461,30299,30678,43.698484809835,0,1.0,0.0,1550.0,1936.0,1571.0,1905.0,1550.0,1936.0,1571.0,1905.0,37.44329045369811
594,471,30668,31074,20.384776310850242,0,1.0,0.0,1571.0,1048.0,1585.0,1034.0,1571.0,1048.0,1585.0,1034.0,19.79898987322333
595,499,31504,31929,83.52691193458115,0,1.0,0.0,1603.0,847.0,1628.0,789.0,1603.0,847.0,1628.0,789.0,63.15853069855251
596,507,31578,31841,32.798989873223334,0,1.0,0.0,1605.0,1943.0,1619.0,1916.0,1605.0,1943.0,1619.0,1916.0,30.4138126514911
597,516,31981,31982,1.0,0,1.0,0.0,1631.0,504.0,1631.0,505.0,1631.0,504.0,1631.0,505.0,1.0
598,519,32070,32074,4.0,0,1.0,0.0,1634.0,495.0,1634.0,499.0,1634.0,495.0,1634.0,499.0,4.0
599,533,32606,32986,110.4264068711928,0,1.0,0.0,1659.0,1051.0,1674.0,960.0,1659.0,1051.0,1674.0,960.0,92.22797840135064
600,541,33037,33080,3.0,0,1.0,0.0,1679.0,463.0,1682.0,463.0,1679.0,463.0,1682.0,463.0,3.0
601,545,33158,33174,3.414213562373095,0,1.0,0.0,1687.0,1170.0,1688.0,1173.0,1687.0,1170.0,1688.0,1173.0,3.1622776601683795
602,559,33541,34084,126.66904755831207,0,1.0,0.0,1706.0,895.0,1731.0,1008.0,1706.0,895.0,1731.0,1008.0,115.73245007343446
603,583,34700,34803,45.556349186104036,0,1.0,0.0,1770.0,1116.0,1777.0,1075.0,1770.0,1116.0,1777.0,1075.0,41.593268686170845
604,584,34839,35000,12.242640687119286,0,1.0,0.0,1783.0,2111.0,1790.0,2104.0,1783.0,2111.0,1790.0,2104.0,9.899494936611665
605,585,34959,35087,24.142135623730955,0,1.0,0.0,1788.0,1040.0,1796.0,1020.0,1788.0,1040.0,1796.0,1020.0,21.540659228538015
606,589,35279,35313,6.242640687119285,0,1.0,0.0,1807.0,1130.0,1811.0,1134.0,1807.0,1130.0,1811.0,1134.0,5.656854249492381
607,590,35335,35404,11.828427124746192,0,1.0,0.0,1813.0,2096.0,1815.0,2085.0,1813.0,2096.0,1815.0,2085.0,11.180339887498949
608,591,35412,35440,10.242640687119286,0,1.0,0.0,1816.0,1299.0,1817.0,1308.0,1816.0,1299.0,1817.0,1308.0,9.055385138137417
609,597,35471,35615,6.0,0,1.0,0.0,1818.0,2080.0,1824.0,2080.0,1818.0,2080.0,1824.0,2080.0,6.0
610,624,36577,36585,6.414213562373095,0,1.0,0.0,1902.0,1936.0,1903.0,1930.0,1902.0,1936.0,1903.0,1930.0,6.082762530298219
611,625,36591,36592,1.0,0,1.0,0.0,1904.0,463.0,1904.0,464.0,1904.0,463.0,1904.0,464.0,1.0
612,626,36623,36641,2.0,0,1.0,0.0,1907.0,1928.0,1909.0,1928.0,1907.0,1928.0,1909.0,1928.0,2.0
613,636,36890,36902,15.071067811865477,0,1.0,0.0,1974.0,1807.0,1984.0,1799.0,1974.0,1807.0,1984.0,1799.0,12.806248474865697
614,637,36904,36926,15.071067811865476,0,1.0,0.0,1994.0,1791.0,2005.0,1784.0,1994.0,1791.0,2005.0,1784.0,13.038404810405298
615,638,36907,36920,8.414213562373096,0,1.0,0.0,1997.0,848.0,2000.0,854.0,1997.0,848.0,2000.0,854.0,6.708203932499369
616,639,36927,36932,1.0,0,1.0,0.0,2046.0,1007.0,2047.0,1007.0,2046.0,1007.0,2047.0,1007.0,1.0
617,640,36931,36933,11.414213562373096,0,1.0,0.0,2046.0,1616.0,2047.0,1605.0,2046.0,1616.0,2047.0,1605.0,11.045361017187261
618,641,36941,36942,2.414213562373095,0,1.0,0.0,2062.0,1583.0,2063.0,1581.0,2062.0,1583.0,2063.0,1581.0,2.23606797749979
619,642,36944,36953,22.48528137423857,0,1.0,0.0,2071.0,1565.0,2080.0,1548.0,2071.0,1565.0,2080.0,1548.0,19.235384061671343
